model,context_length,n_configs,bleu_mean,rouge_mean,meteor_mean,sem_score_mean,bert_score_mean,bleu_sd,rouge_sd,meteor_sd,sem_score_sd,bert_score_sd,composite_mean,composite_best,ngram_mean,semantic_mean,bleu_best,out_tokens,think_share,rank_by_mean
llama3.1,512.0,18,1.0533738785878226,0.06932433689596092,0.18390489417122924,0.45685476282088394,0.8186555593102066,0.6168857086903735,0.01034737252275636,0.022802193011470764,0.04362498805065149,0.005104254579261398,0.5130212616705836,0.8587012656515863,0.46755943888590795,0.581213995847597,2.401734135226279,666.7407407407408,0.0,1
deepseek-r1,512.0,18,0.755868646048462,0.05490587521460635,0.1628500009838647,0.5068816418886178,0.8293060737627524,0.19978449117040076,0.005078602680030807,0.011128157413845373,0.019878705431163646,0.0022363068177165784,0.5099582748945317,0.591070077269932,0.2672498894553966,0.8740208530532345,1.170398325064362,993.574074074074,0.6529497464495768,2
llama3.1,1024.0,18,0.8466905202264611,0.06758291776993146,0.18065721178774985,0.46495187210469724,0.8185900162767481,0.3811437655574806,0.004912590111863183,0.01216485808456878,0.037276689462744386,0.0040155207178804555,0.4867424035710593,0.675540175718561,0.414339219649772,0.5953471794529901,1.714268998348674,663.3333333333334,0.0,3
deepseek-r1,1024.0,18,0.8187903733279824,0.05734620962902656,0.1650942286793549,0.4638841914830764,0.8271699602957124,0.16450676359725103,0.004477250066127043,0.010797004605207047,0.030568738708381706,0.0023578278126121384,0.4803076588089519,0.6210903851295158,0.2986476888363008,0.7527976137679286,1.0794426453520078,882.0185185185186,0.6435852642915635,4
qwen2.5,512.0,18,0.6644991589528302,0.06302410090872379,0.16841461163681226,0.4396341459513214,0.8175260369424467,0.22546372059258094,0.00237489124760231,0.012007160174327442,0.02589227711003732,0.003111798264555597,0.4020377478024318,0.5018133436398923,0.318349014924296,0.5275708471196354,1.302887984981011,804.1296296296297,0.0,5
qwen2.5:14b,1024.0,18,0.593493361064445,0.061003393723849,0.17612897238961114,0.38448196667294254,0.8175850554748818,0.1899655208968251,0.0031105244872896413,0.013068438122672431,0.034118636456948806,0.0025972084692723898,0.36272362265537444,0.46198279249457785,0.32180336595594283,0.42410400770452183,1.1319372411921065,748.6296296296297,0.0,6
qwen2.5,1024.0,18,0.6964091787727748,0.061839589141133376,0.16411405910792645,0.41830006479837945,0.8155133260620965,0.25915584936812686,0.00495359096539832,0.010604825503530216,0.03332322010926201,0.0045885040912680315,0.361075258776678,0.5915809261277785,0.3019833146930363,0.4497131749021405,1.1862007841542743,829.2962962962963,0.0,7
deepseek-r1:14b,512.0,18,0.5568193558423161,0.05049042837364691,0.15683010551987187,0.4392915071438585,0.8204787064481665,0.15931984067576516,0.004280029023620593,0.008647461556070768,0.024801992625787778,0.0035063201328454606,0.3470294274458199,0.47485128189745635,0.19051421783605024,0.5818022418604745,0.8975532249224677,970.3888888888889,0.584566320090263,8
deepseek-r1:14b,1024.0,18,0.5354265729290605,0.04879740923851095,0.1471042453571942,0.3811517408701793,0.8175962390723052,0.23358488026728408,0.003986627775950535,0.01398339593988748,0.03493736896898159,0.004410896534597401,0.2539314733451696,0.48428445810356485,0.1445537534795583,0.4179980531435865,1.1279209044671727,879.7407407407408,0.5839843120304002,9
qwen2.5:14b,512.0,18,0.566347507605721,0.05871970241047394,0.16590119442324902,0.3073499172348923,0.8125824696487851,0.16498543042015584,0.005481355591721445,0.019013877067038217,0.024387687734339143,0.003169248522158728,0.23587121351937843,0.4495361019226105,0.2698616090181234,0.18488562027126088,0.9876259971711856,613.6296296296297,0.0,10
