trial,filename,query_idx,bleu,rouge,meteor,sem_score,chars,think_char_share,has_think,bert_score,family
10,0.parquet,0,0.45265489009414334,0.0859504132231405,0.18388318009734994,0.1541613505178714,3454,0.0,0,0.7996180057525635,F1
10,0.parquet,1,0.25634736777489225,0.04452054794520548,0.13707767944936092,0.4460164036662083,3960,0.0,0,0.8173345923423767,F1
10,0.parquet,2,0.5420775376491495,0.057251908396946556,0.11250000000000002,0.5816283059444429,3472,0.0,0,0.8283895254135132,F1
10,1.parquet,0,1.587681490335238,0.11267605633802816,0.2536763090393056,0.2854951513195111,3647,0.0,0,0.8089099526405334,F1
10,1.parquet,1,0.2437748876687327,0.036065573770491806,0.1684472934472935,0.46803369022083213,4109,0.0,0,0.8209360837936401,F1
10,1.parquet,2,0.5245664116636239,0.0378657487091222,0.11373591568278615,0.5748727865198058,3810,0.0,0,0.8164599537849426,F1
10,2.parquet,0,1.3654301397928108,0.11228070175438597,0.29106899476020487,0.2718315948422994,3238,0.0,0,0.8151078820228577,F1
10,2.parquet,1,0.46574760642787877,0.04132231404958678,0.1597175244752617,0.5006313899101209,4893,0.0,0,0.8183049559593201,F1
10,2.parquet,2,0.20445280853695239,0.04375,0.11545917202040379,0.5989162095973545,4271,0.0,0,0.8330492377281189,F1
10,3.parquet,0,0.8395623723240745,0.0974124809741248,0.2447210259180519,0.3488535933896124,3764,0.0,0,0.8190873265266418,F1
10,3.parquet,1,0.2508857222659203,0.04293381037567084,0.1534311557788945,0.42023615478023113,3749,0.0,0,0.8145108819007874,F1
10,3.parquet,2,0.3729643082249218,0.05394990366088631,0.11180124223602486,0.6347970577625269,3437,0.0,0,0.8321048021316528,F1
10,4.parquet,0,1.2327623963336467,0.0927694406548431,0.22218811302412292,0.37818687755119185,4471,0.0,0,0.8080054521560669,F1
10,4.parquet,1,0.44642987071253387,0.04511278195488722,0.16415585894293955,0.4509671471470165,3652,0.0,0,0.8171675205230713,F1
10,4.parquet,2,0.22430067974902473,0.05098039215686274,0.129579724832627,0.5413628960400877,3358,0.0,0,0.8194125890731812,F1
10,5.parquet,0,1.531414100743117,0.10169491525423731,0.23215589507842083,0.2502458403322704,3766,0.0,0,0.8017081022262573,F1
10,5.parquet,1,0.23291176380531708,0.03559870550161813,0.17377047320258474,0.4833876586201246,4240,0.0,0,0.8224836587905884,F1
10,5.parquet,2,0.281636034854663,0.041728763040238454,0.10274368714539657,0.6474877712108843,4437,0.0,0,0.8279561996459961,F1
10,6.parquet,0,1.600360228286121,0.09494640122511486,0.22691060209385494,0.26986496097130896,3723,0.0,0,0.8068130016326904,F1
10,6.parquet,1,0.259253515839982,0.046875,0.14633717930421225,0.40339834331455615,4419,0.0,0,0.8203389644622803,F1
10,6.parquet,2,0.6085881277502219,0.06012024048096193,0.1119402985074627,0.5457145341504341,3308,0.0,0,0.8243730068206787,F1
10,7.parquet,0,1.4016219141449977,0.11299435028248588,0.27712331043490535,0.25286851049821,2770,0.0,0,0.8127766251564026,F1
10,7.parquet,1,0.2517448743664959,0.03527336860670194,0.12757605495583907,0.44562678076077444,3940,0.0,0,0.8164811730384827,F1
10,7.parquet,2,0.4513672184624226,0.040123456790123455,0.11111330288026651,0.5561140082128642,4296,0.0,0,0.8287587761878967,F1
10,8.parquet,0,0.6341885450238915,0.1008130081300813,0.2355886306986446,0.21426715667223017,3452,0.0,0,0.8089739680290222,F1
10,8.parquet,1,0.19912144487861824,0.03493449781659389,0.10909090909090911,0.42505635151503246,4542,0.0,0,0.8195374011993408,F1
10,8.parquet,2,0.22535444321152337,0.047970479704797044,0.09792626728110601,0.5625144146254836,3696,0.0,0,0.8263058662414551,F1
10,9.parquet,0,1.751526213853204,0.10461538461538461,0.257594213338476,0.30479822126411443,3626,0.0,0,0.8149649500846863,F1
10,9.parquet,1,0.1610557470129482,0.03225806451612903,0.12623562399011504,0.4314220883612216,4603,0.0,0,0.8155393600463867,F1
10,9.parquet,2,0.18698345830109842,0.051470588235294115,0.08898776418242493,0.5747952340201745,3576,0.0,0,0.8174352049827576,F1
10,10.parquet,0,1.1268536456862264,0.11191335740072202,0.25073057499472884,0.22634005968976229,3200,0.0,0,0.8085076808929443,F1
10,10.parquet,1,0.3540484853021873,0.03442340791738382,0.1717890625,0.4579870616730701,3876,0.0,0,0.8167341351509094,F1
10,10.parquet,2,0.3830724305089808,0.057251908396946556,0.1478217073784941,0.5395910471744305,3365,0.0,0,0.8305346965789795,F1
10,11.parquet,0,0.9294279806824153,0.10491803278688523,0.2478108405533818,0.33818150993910917,3593,0.0,0,0.8082497119903564,F1
10,11.parquet,1,0.17806529314461622,0.03278688524590164,0.10749059266227662,0.366836477135149,4169,0.0,0,0.7946889996528625,F1
10,11.parquet,2,0.21807489037790811,0.05243445692883895,0.12597593562930123,0.5675922249946166,3502,0.0,0,0.8254784345626831,F1
10,12.parquet,0,1.3764127754176194,0.10559999999999999,0.24831783014296388,0.34228091851254006,3410,0.0,0,0.812717854976654,F1
10,12.parquet,1,0.2672285748467468,0.03717472118959108,0.16090694090136054,0.40323892747482376,3579,0.0,0,0.8125070929527283,F1
10,12.parquet,2,0.5248786962319213,0.04392386530014642,0.11158447265625004,0.5693300333369107,4318,0.0,0,0.8248776793479919,F1
10,13.parquet,0,1.9678315090099594,0.1161524500907441,0.2422838670950537,0.33275216449554373,3097,0.0,0,0.8141113519668579,F1
10,13.parquet,1,0.23665676163800387,0.03697478991596638,0.13816451932606544,0.4145523090533401,3880,0.0,0,0.819450318813324,F1
10,13.parquet,2,0.7597070298917541,0.04142011834319527,0.09500000000000001,0.6660655059527264,4533,0.0,0,0.8358737826347351,F1
10,14.parquet,0,2.6574613360665063,0.11111111111111112,0.2759875380716561,0.38476239074514423,3477,0.0,0,0.8168461322784424,F1
10,14.parquet,1,0.23444711165104173,0.029654036243822075,0.12498287718144711,0.4001224078592443,4242,0.0,0,0.812839925289154,F1
10,14.parquet,2,1.0167555072254861,0.047706422018348627,0.11796701773835921,0.6493034764432963,3786,0.0,0,0.8194095492362976,F1
10,15.parquet,0,0.4596856905911858,0.09491525423728814,0.24451014256886403,0.31815707143504185,3529,0.0,0,0.8048040866851807,F1
10,15.parquet,1,0.20303469167585786,0.035830618892508145,0.1350852713178295,0.46617015410735235,4189,0.0,0,0.8232478499412537,F1
10,15.parquet,2,0.6325596656054177,0.05110732538330493,0.13241510596007955,0.5279649130090305,3724,0.0,0,0.8252735733985901,F1
10,16.parquet,0,1.3055328967892903,0.10543657331136738,0.2466989942528736,0.32125582470749986,3376,0.0,0,0.8114094734191895,F1
10,16.parquet,1,0.2992953135936862,0.03891050583657587,0.16190128504672902,0.4992199189396249,3249,0.0,0,0.8213906288146973,F1
10,16.parquet,2,0.19368297195578088,0.040293040293040296,0.09445100354191266,0.5575330849058117,3603,0.0,0,0.8194839954376221,F1
10,17.parquet,0,1.1645630577497283,0.08541973490427099,0.25394005570268385,0.3350637647231397,3918,0.0,0,0.8075995445251465,F1
10,17.parquet,1,0.20095347982239434,0.03590664272890485,0.15377055106605717,0.44889740986335586,3888,0.0,0,0.8153479695320129,F1
10,17.parquet,2,0.40595866789994844,0.05577689243027889,0.11826544021024969,0.5834927414619976,3142,0.0,0,0.8321765065193176,F1
11,0.parquet,0,2.2045583905588275,0.10365853658536586,0.24869841805579115,0.35111085821642934,3703,0.0,0,0.8225861191749573,F1
11,0.parquet,1,0.16655656347013015,0.02985074626865672,0.09408602150537636,0.3514711043108774,4257,0.0,0,0.7951685786247253,F1
11,0.parquet,2,0.5349829564551766,0.049056603773584895,0.1347060247483162,0.5707521168089273,3712,0.0,0,0.8172512650489807,F1
11,1.parquet,0,0.3539854514159595,0.0947867298578199,0.23676571980143413,0.19572306367957695,3581,0.0,0,0.7997788786888123,F1
11,1.parquet,1,0.2038907954855543,0.034334763948497854,0.1249709813285577,0.44310055275321997,4595,0.0,0,0.8161507248878479,F1
11,1.parquet,2,0.9513744802546727,0.06193078324225866,0.14242697982535385,0.5162551787707103,3499,0.0,0,0.8317007422447205,F1
11,2.parquet,0,1.5907218625837873,0.09668508287292818,0.23004305257312502,0.26064928903147855,4360,0.0,0,0.8080174922943115,F1
11,2.parquet,1,0.6194465881416858,0.037463976945244955,0.1393564304681456,0.5281599335415893,4732,0.0,0,0.8206499218940735,F1
11,2.parquet,2,0.5768044917159925,0.043697478991596636,0.09639552382172133,0.5172158484687199,4188,0.0,0,0.8156262636184692,F1
11,3.parquet,0,2.3038681274998036,0.10047095761381475,0.2554549646734918,0.26401872199722937,3600,0.0,0,0.812846839427948,F1
11,3.parquet,1,0.4106592900060803,0.03367003367003367,0.122846417742448,0.3561349118799358,4166,0.0,0,0.808487057685852,F1
11,3.parquet,2,0.18152407505552967,0.04285714285714286,0.10160046571274299,0.5641618865764615,3850,0.0,0,0.8184879422187805,F1
11,4.parquet,0,0.9404480040416013,0.10543130990415335,0.24127860432963782,0.25033273105421316,3616,0.0,0,0.8038693070411682,F1
11,4.parquet,1,0.17453284868659558,0.0340030911901082,0.15683543884081041,0.4278570481442999,4504,0.0,0,0.818092942237854,F1
11,4.parquet,2,0.619724380091592,0.06118546845124283,0.12482785912148799,0.4983263765622785,3571,0.0,0,0.8232141733169556,F1
11,5.parquet,0,1.1199498709085518,0.09198813056379822,0.2140183089197826,0.11527931272185912,3748,0.0,0,0.8127718567848206,F1
11,5.parquet,1,0.372642986544859,0.04371584699453551,0.1418189216683622,0.4091507828473349,3696,0.0,0,0.8160839080810547,F1
11,5.parquet,2,0.22660628597089408,0.0436241610738255,0.09698275862068967,0.5771909811899057,3915,0.0,0,0.8216331601142883,F1
11,6.parquet,0,0.7427054236619792,0.08408408408408409,0.21572859352330898,0.15002406017872014,3821,0.0,0,0.796351432800293,F1
11,6.parquet,1,0.4712437867253529,0.034482758620689655,0.14488963280677897,0.3960382547777636,3621,0.0,0,0.8009628653526306,F1
11,6.parquet,2,0.5933414931164673,0.05166051660516606,0.12476898055740372,0.6350798810554275,3596,0.0,0,0.8225036859512329,F1
11,7.parquet,0,0.4537911071486155,0.10398613518197573,0.23383854372774038,0.2716999378067449,3252,0.0,0,0.8096023797988892,F1
11,7.parquet,1,0.3114045597300518,0.0396039603960396,0.11828935395814377,0.5008532753849185,4405,0.0,0,0.8044383525848389,F1
11,7.parquet,2,0.5821813441345324,0.04634581105169341,0.14225349994736924,0.5476188834422138,3591,0.0,0,0.8316583633422852,F1
11,8.parquet,0,0.700347610724603,0.08374384236453203,0.20189431704885347,0.2586228895074228,4920,0.0,0,0.8169617652893066,F1
11,8.parquet,1,0.1814315599890387,0.02694610778443114,0.11369177711975936,0.42965642629579776,4715,0.0,0,0.8080155849456787,F1
11,8.parquet,2,0.3131964896614436,0.04929577464788733,0.121141975308642,0.5274969514169576,3708,0.0,0,0.8290256857872009,F1
11,9.parquet,0,1.6018250601238853,0.09183673469387756,0.251290649281172,0.36432220929500364,4499,0.0,0,0.8264004588127136,F1
11,9.parquet,1,0.2794401532778528,0.033946251768033946,0.13712145618556704,0.4606309638311104,4765,0.0,0,0.8175649642944336,F1
11,9.parquet,2,0.3847848721744298,0.041811846689895474,0.10192525481313705,0.6084435889536737,3745,0.0,0,0.8211833238601685,F1
11,10.parquet,0,0.8644193622072175,0.10766721044045677,0.24667531672116494,0.16844932115394098,3522,0.0,0,0.7995068430900574,F1
11,10.parquet,1,0.4581337279066334,0.04743083003952569,0.18272283813747234,0.4135887777346528,3319,0.0,0,0.8171393275260925,F1
11,10.parquet,2,0.18775346748904584,0.03333333333333333,0.08305647840531563,0.5247155857915318,3797,0.0,0,0.8112688064575195,F1
11,11.parquet,0,2.8831550160351074,0.12834224598930483,0.3136152523358444,0.27817254852441126,3011,0.0,0,0.8236883878707886,F1
11,11.parquet,1,0.4694223375327653,0.03636363636363637,0.138043488172749,0.506897829240087,4619,0.0,0,0.8233937621116638,F1
11,11.parquet,2,0.20602499889495063,0.0472972972972973,0.09708737864077673,0.6235723323338188,3839,0.0,0,0.8306296467781067,F1
11,12.parquet,0,0.6882340404299039,0.09915014164305949,0.23769673014607412,0.24014925222367162,4105,0.0,0,0.8067222237586975,F1
11,12.parquet,1,0.356683843699382,0.04223227752639517,0.13971550522201032,0.44962862081882554,4588,0.0,0,0.8125187754631042,F1
11,12.parquet,2,0.33617849210246936,0.04075235109717868,0.10546271074136791,0.5950912906911247,4150,0.0,0,0.8207080960273743,F1
11,13.parquet,0,0.9161629402807052,0.0985691573926868,0.2547003306235571,0.18718826470150676,3551,0.0,0,0.8103956580162048,F1
11,13.parquet,1,0.2591944138813275,0.03935599284436494,0.14225306122448986,0.4595192134679066,3775,0.0,0,0.8218907713890076,F1
11,13.parquet,2,0.24435145276687034,0.07174887892376682,0.11984021304926766,0.5644259312790674,3070,0.0,0,0.8220193982124329,F1
11,14.parquet,0,2.767389838959006,0.10218978102189781,0.2757501543397385,0.27830243775733077,3007,0.0,0,0.8115983009338379,F1
11,14.parquet,1,0.19702262129460762,0.04297520661157025,0.12785388127853883,0.4252227620104273,4125,0.0,0,0.8130934834480286,F1
11,14.parquet,2,0.34053734782913375,0.044444444444444446,0.09535160905840288,0.5323734501404512,3555,0.0,0,0.8119637370109558,F1
11,15.parquet,0,0.7367813151465362,0.10272873194221509,0.23155850904234218,0.425581003397954,3698,0.0,0,0.8169798851013184,F1
11,15.parquet,1,0.22973793373661594,0.03933434190620272,0.11200716845878138,0.4721969318121548,4523,0.0,0,0.8122542500495911,F1
11,15.parquet,2,0.24498559978284493,0.043795620437956206,0.0988372093023256,0.5226264907074203,3636,0.0,0,0.8195778727531433,F1
11,16.parquet,0,1.145487797637835,0.09641873278236915,0.2712439361371732,0.2850636331368091,4133,0.0,0,0.8188381195068359,F1
11,16.parquet,1,0.3216976059174671,0.031088082901554404,0.13040785018806997,0.3801361198010103,3968,0.0,0,0.7961112260818481,F1
11,16.parquet,2,0.6482456092859404,0.04074702886247878,0.09692132269099202,0.6449251020112926,3938,0.0,0,0.8253833055496216,F1
11,17.parquet,0,1.8393959825808608,0.10398613518197573,0.2534761924540699,0.22632546345446145,3184,0.0,0,0.8155049085617065,F1
11,17.parquet,1,0.3293869752097184,0.04100946372239748,0.10890151515151517,0.43040812972917913,4382,0.0,0,0.8152587413787842,F1
11,17.parquet,2,0.7677420237673451,0.06222222222222222,0.18903361427083948,0.6062649866926535,2750,0.0,0,0.8341880440711975,F1
12,0.parquet,0,0.9785528989217506,0.09285714285714285,0.24492772883758604,0.20820786626515855,3022,0.0,0,0.8117372989654541,F1
12,0.parquet,1,1.648438566366748,0.06048387096774193,0.21368850926358032,0.2541994040842962,3461,0.0,0,0.8190908432006836,F1
12,0.parquet,2,0.33588652622505866,0.055415617128463476,0.1678332018927445,0.4771402612850064,2555,0.0,0,0.8251925706863403,F1
12,1.parquet,0,0.7721902300982689,0.0915492957746479,0.24247577151236419,0.1574312475942337,3175,0.0,0,0.8089648485183716,F1
12,1.parquet,1,0.2796132928529328,0.04454342984409799,0.11180124223602485,0.1966983369930957,2869,0.0,0,0.8081072568893433,F1
12,1.parquet,2,0.746725937531784,0.05741626794258373,0.1183431952662722,0.47358313429321985,2871,0.0,0,0.8298017978668213,F1
12,2.parquet,0,1.2173650277484633,0.10116731517509728,0.2811766622436322,0.25042792392934077,2678,0.0,0,0.8170064687728882,F1
12,2.parquet,1,0.3693895411648154,0.03696857670979667,0.15638864241348716,0.25183669773072875,3599,0.0,0,0.8052113056182861,F1
12,2.parquet,2,0.7246932682907525,0.05321507760532151,0.127721983102184,0.4617859786612255,3006,0.0,0,0.8279243111610413,F1
12,3.parquet,0,0.897640485761616,0.07961783439490445,0.2011369943857396,0.16467607880081686,3658,0.0,0,0.8081044554710388,F1
12,3.parquet,1,0.277148918889589,0.03773584905660378,0.16226300536965355,0.21131018695916579,3299,0.0,0,0.8057459592819214,F1
12,3.parquet,2,1.074864650963872,0.054945054945054944,0.17358278955954326,0.5555331359403318,2424,0.0,0,0.8272182941436768,F1
12,4.parquet,0,0.9541803151197333,0.1045751633986928,0.2299605781865966,0.23576121284773427,2424,0.0,0,0.8182817697525024,F1
12,4.parquet,1,0.23365553002401976,0.03898635477582846,0.11524568447503553,0.24890803382261426,3515,0.0,0,0.8027897477149963,F1
12,4.parquet,2,0.396676047001854,0.04032258064516129,0.12544270833333335,0.4907686883126258,3232,0.0,0,0.8248521685600281,F1
12,5.parquet,0,1.0617892144972032,0.09578544061302682,0.27633423939523416,0.1211053858778645,2884,0.0,0,0.7957419157028198,F1
12,5.parquet,1,0.22828343268426016,0.03745318352059925,0.11963239510547863,0.18988558727082425,3471,0.0,0,0.8050128817558289,F1
12,5.parquet,2,0.3788964403409555,0.06220095693779904,0.16808583816233794,0.494279131030378,2774,0.0,0,0.8372750282287598,F1
12,6.parquet,0,1.0390169690282536,0.10018552875695733,0.28314081500608174,0.18453212700673352,3071,0.0,0,0.8105517625808716,F1
12,6.parquet,1,0.2308923948444759,0.04206500956022945,0.11473799423505739,0.2044226409891406,3467,0.0,0,0.8034958839416504,F1
12,6.parquet,2,0.2583043855817908,0.0507399577167019,0.12448132780082989,0.5209885289764505,3129,0.0,0,0.8227894306182861,F1
12,7.parquet,0,1.0570340777224694,0.09177820267686426,0.24760401274528018,0.17384009214102847,2745,0.0,0,0.8087996244430542,F1
12,7.parquet,1,0.24271671157624822,0.042718446601941754,0.09782608695652174,0.20980048785571337,3627,0.0,0,0.7948290109634399,F1
12,7.parquet,2,0.3411471778190403,0.04119850187265917,0.11056511056511059,0.5121341236569629,3658,0.0,0,0.8188432455062866,F1
12,8.parquet,0,1.5327165823589937,0.08103727714748783,0.2516146787539384,0.12039104063702218,3542,0.0,0,0.8064078092575073,F1
12,8.parquet,1,0.2537067881093375,0.0391304347826087,0.11377245508982037,0.21436935864507745,3075,0.0,0,0.7979380488395691,F1
12,8.parquet,2,0.17074065285509551,0.03678929765886288,0.10250569476082007,0.5373909531293044,3909,0.0,0,0.8250038623809814,F1
12,9.parquet,0,0.713035761379405,0.0839160839160839,0.2324394089975485,0.16506847680659506,3220,0.0,0,0.8104664087295532,F1
12,9.parquet,1,0.23673755896208604,0.030769230769230774,0.10674157303370788,0.23136115996942955,3528,0.0,0,0.8022533059120178,F1
12,9.parquet,2,0.2665321831634493,0.05063291139240507,0.12062631737428488,0.4876538281723147,3210,0.0,0,0.8245481252670288,F1
12,10.parquet,0,0.7205056208162983,0.08185053380782917,0.245889167478697,0.14399899807583685,3160,0.0,0,0.8101283311843872,F1
12,10.parquet,1,0.1807220701289342,0.03409090909090909,0.10160427807486631,0.26242314875629585,3606,0.0,0,0.7972322106361389,F1
12,10.parquet,2,0.6992296190297739,0.05542725173210162,0.14967126890203813,0.48870400867345837,2857,0.0,0,0.8322609066963196,F1
12,11.parquet,0,1.4570533252777034,0.09153318077803203,0.2978955816221214,0.18751629655147822,2147,0.0,0,0.8202594518661499,F1
12,11.parquet,1,0.2497067878396015,0.045454545454545456,0.15437505474292723,0.2621048930590721,3575,0.0,0,0.8069869875907898,F1
12,11.parquet,2,0.2521263234203794,0.046511627906976744,0.1343394500657406,0.48119540843357334,3022,0.0,0,0.823066771030426,F1
12,12.parquet,0,0.8087038766346528,0.08630393996247655,0.2103658536585366,0.1219433612919242,2950,0.0,0,0.805975079536438,F1
12,12.parquet,1,0.2268363438264892,0.04047217537942664,0.13940011615905654,0.25448843405516813,4112,0.0,0,0.8006622791290283,F1
12,12.parquet,2,0.6055071959798032,0.05139186295503212,0.1164383561643836,0.4815988310734927,3036,0.0,0,0.8252506256103516,F1
12,13.parquet,0,0.7000482879558249,0.08214285714285716,0.21385542168674698,0.14149626630335194,3102,0.0,0,0.8069607019424438,F1
12,13.parquet,1,0.22217185550552052,0.04240282685512367,0.10458167330677291,0.3240753627070842,3874,0.0,0,0.8071490526199341,F1
12,13.parquet,2,0.2571682917757989,0.03339517625231911,0.11459443514007313,0.5187089977273682,3557,0.0,0,0.8190439343452454,F1
12,14.parquet,0,1.1950269132664169,0.09415584415584416,0.25233895819767455,0.12580542247086943,3496,0.0,0,0.8115812540054321,F1
12,14.parquet,1,0.22477973847496535,0.03636363636363636,0.1065022421524664,0.29577451143904615,3388,0.0,0,0.7993253469467163,F1
12,14.parquet,2,0.42516844494614964,0.043307086614173235,0.11516458243495761,0.4552787445643224,3441,0.0,0,0.8286779522895813,F1
12,15.parquet,0,0.5856719426063794,0.07445008460236885,0.2150854449027696,0.19057806033914884,3286,0.0,0,0.805829644203186,F1
12,15.parquet,1,0.18417376462949342,0.027237354085603113,0.11361188524038399,0.1914849529557047,3437,0.0,0,0.7982646822929382,F1
12,15.parquet,2,0.22552097673075922,0.04339250493096647,0.10678391959798995,0.5132491326259638,3439,0.0,0,0.8246572017669678,F1
12,16.parquet,0,0.35869560734097056,0.08360128617363344,0.2088100686498856,0.24657069555085293,3463,0.0,0,0.8050393462181091,F1
12,16.parquet,1,0.20036426876671934,0.029350104821802937,0.09356725146198833,0.2253680157998026,3102,0.0,0,0.7950157523155212,F1
12,16.parquet,2,0.3382580505717997,0.04603580562659847,0.126984126984127,0.609254997353804,2633,0.0,0,0.823840320110321,F1
12,17.parquet,0,0.9202188247352744,0.0995850622406639,0.2243599956618352,0.3013280373016774,2648,0.0,0,0.8117885589599609,F1
12,17.parquet,1,0.2226786504436169,0.029473684210526315,0.14655657512800374,0.2374308193779021,3136,0.0,0,0.79962557554245,F1
12,17.parquet,2,0.4038570621212832,0.03673469387755102,0.12379214638157897,0.5310270245125539,3377,0.0,0,0.8168459534645081,F1
13,0.parquet,0,1.0441182443658985,0.09950248756218905,0.2584542843465369,0.19715144059450057,3386,0.0,0,0.8186214566230774,F1
13,0.parquet,1,0.39157433876423503,0.0392156862745098,0.17920275560721005,0.4535174911781712,4161,0.0,0,0.818272054195404,F1
13,0.parquet,2,0.6072056559638697,0.05520169851380042,0.16325690573930068,0.4473585718874101,3105,0.0,0,0.8254796862602234,F1
13,1.parquet,0,0.9419801517625884,0.09876543209876543,0.2360876897133221,0.16606505472374258,3678,0.0,0,0.8159419298171997,F1
13,1.parquet,1,0.6513877665556943,0.05189620758483034,0.18096301020408165,0.4854927054329224,3355,0.0,0,0.8213711977005005,F1
13,1.parquet,2,0.2353519659096999,0.03728813559322034,0.11822916666666668,0.44331815854548934,4028,0.0,0,0.8178527355194092,F1
13,2.parquet,0,0.7738814093569437,0.10094637223974762,0.291391235429433,0.21253977127360107,3708,0.0,0,0.8119919300079346,F1
13,2.parquet,1,0.30762926131792606,0.0405616224648986,0.11791912295605995,0.4318965482798276,4539,0.0,0,0.8106969594955444,F1
13,2.parquet,2,0.2645671064760464,0.05314009661835748,0.13188477366255144,0.4679552838408729,2780,0.0,0,0.823528528213501,F1
13,3.parquet,0,0.7101993376802253,0.10214168039538715,0.26665694282380403,0.10655165264210743,3523,0.0,0,0.8082220554351807,F1
13,3.parquet,1,0.3521695285409046,0.0361247947454844,0.16618513826950554,0.46471856151227214,4203,0.0,0,0.8216288685798645,F1
13,3.parquet,2,0.2398600578677801,0.046931407942238275,0.10340632603406329,0.41059348528021544,3707,0.0,0,0.8198213577270508,F1
13,4.parquet,0,0.5602356068355796,0.08985507246376812,0.23274917853231109,0.14678750762438578,4023,0.0,0,0.8183807730674744,F1
13,4.parquet,1,0.3402107516147748,0.036297640653357534,0.1765979689366787,0.45245913281654665,3842,0.0,0,0.8197999596595764,F1
13,4.parquet,2,0.4055274597599339,0.05168986083499006,0.140749007936508,0.41566844508551815,3278,0.0,0,0.8161231279373169,F1
13,5.parquet,0,0.7490617018375062,0.09948542024013722,0.2473543716457961,0.18151152174451593,3201,0.0,0,0.8169285655021667,F1
13,5.parquet,1,0.24703586069885441,0.035820895522388055,0.11214953271028039,0.5757264305314818,4681,0.0,0,0.8229108452796936,F1
13,5.parquet,2,0.27060266319841814,0.04583333333333333,0.1074589127686473,0.5224065453592066,3313,0.0,0,0.8140912652015686,F1
13,6.parquet,0,0.819852075067931,0.08653846153846154,0.28421716770896166,0.16523104839063527,3624,0.0,0,0.8132880926132202,F1
13,6.parquet,1,0.23805065222566216,0.03260869565217392,0.1446581590528333,0.45809293921710675,4153,0.0,0,0.8181104063987732,F1
13,6.parquet,2,0.6942560465394647,0.046589018302828626,0.09356725146198833,0.5575764616511701,3925,0.0,0,0.827131450176239,F1
13,7.parquet,0,2.0419523918661637,0.11464968152866242,0.31878185768752476,0.30202022060193173,3466,0.0,0,0.8226638436317444,F1
13,7.parquet,1,0.2206981872695092,0.03648424543946932,0.12380952380952381,0.5239640947856711,4282,0.0,0,0.8125478625297546,F1
13,7.parquet,2,0.3317131664308684,0.05,0.11745571941323349,0.45101894338577975,3468,0.0,0,0.8177143335342407,F1
13,8.parquet,0,0.8415595850228752,0.1012216404886562,0.23208577223916455,0.20087191965875606,3293,0.0,0,0.8128437399864197,F1
13,8.parquet,1,0.2458679083505588,0.047186932849364795,0.13101002360031005,0.4841287097372232,3825,0.0,0,0.8155333399772644,F1
13,8.parquet,2,0.20062315625022278,0.030821917808219176,0.09644877813891899,0.42645446318463437,4146,0.0,0,0.8098019361495972,F1
13,9.parquet,0,2.905419555508217,0.11056910569105691,0.311357972438147,0.22560390182518453,3638,0.0,0,0.8094671964645386,F1
13,9.parquet,1,0.21798422364345713,0.03767123287671233,0.13804933983968587,0.47055408975197416,3998,0.0,0,0.8157013058662415,F1
13,9.parquet,2,0.27240794442464455,0.041984732824427475,0.11969724077608145,0.4742064411035866,3372,0.0,0,0.8187476992607117,F1
13,10.parquet,0,1.5081852015298747,0.09688581314878893,0.2811654036213081,0.1617334649141217,3438,0.0,0,0.8079195618629456,F1
13,10.parquet,1,0.24703167446438767,0.03358778625954199,0.13599856249791062,0.4779906024929552,4450,0.0,0,0.8172013163566589,F1
13,10.parquet,2,0.5282476218953667,0.04529616724738676,0.11280819094724222,0.41307696993408155,3713,0.0,0,0.8178914189338684,F1
13,11.parquet,0,1.0385614010848747,0.11221122112211221,0.25767466061208083,0.29103954629211515,3562,0.0,0,0.8215766549110413,F1
13,11.parquet,1,0.200993542840447,0.039076376554174064,0.1445342257046469,0.4547097958807993,3988,0.0,0,0.8093307614326477,F1
13,11.parquet,2,0.1907235562990442,0.03877221324717286,0.08869179600886919,0.49833197140472874,3931,0.0,0,0.8206124901771545,F1
13,12.parquet,0,0.5916269072508354,0.08955223880597014,0.23045182291666666,0.11039646553418964,3691,0.0,0,0.804357647895813,F1
13,12.parquet,1,0.543920543361016,0.045454545454545456,0.1600751895669166,0.45216749846863663,3552,0.0,0,0.8216685056686401,F1
13,12.parquet,2,0.22511250363765326,0.03779527559055118,0.10602668245656238,0.45977365779337415,4178,0.0,0,0.8262091279029846,F1
13,13.parquet,0,0.8710539211642692,0.08774583963691376,0.2544118817780038,0.2291498405208221,3881,0.0,0,0.8143608570098877,F1
13,13.parquet,1,0.4361551727800217,0.04143126177024482,0.1755228966986156,0.5257925326365464,3697,0.0,0,0.8167498111724854,F1
13,13.parquet,2,0.9860503458021302,0.04778156996587031,0.12432231356256816,0.5254980561085676,3882,0.0,0,0.8315073847770691,F1
13,14.parquet,0,1.03002014908489,0.10431654676258993,0.26085168736514436,0.17677384788891376,3163,0.0,0,0.8085205554962158,F1
13,14.parquet,1,0.4975193449704217,0.04615384615384615,0.19743209876543216,0.44867068337984456,3526,0.0,0,0.8163736462593079,F1
13,14.parquet,2,0.2533393643541733,0.03868471953578336,0.11111111111111113,0.46034379468680436,3396,0.0,0,0.8231287598609924,F1
13,15.parquet,0,1.1016474095348,0.09553158705701077,0.241240666283745,0.2441782505488536,3687,0.0,0,0.8156087398529053,F1
13,15.parquet,1,0.2410282973625613,0.03415559772296015,0.12979683972911968,0.4536851986927534,3548,0.0,0,0.8217354416847229,F1
13,15.parquet,2,0.5112949823676555,0.046065259117082535,0.11757425742574261,0.5642268099297202,3537,0.0,0,0.8304039239883423,F1
13,16.parquet,0,0.40280328905774115,0.08321775312066573,0.22519722109120524,0.12237446854988943,4275,0.0,0,0.8146495819091797,F1
13,16.parquet,1,0.33220017976609834,0.0353356890459364,0.139305651015037,0.5269428056185989,4051,0.0,0,0.8139960765838623,F1
13,16.parquet,2,0.67693442582614,0.05284552845528454,0.12048192771084339,0.5662099588754252,3363,0.0,0,0.833234429359436,F1
13,17.parquet,0,1.0384985841774494,0.10474631751227496,0.3116828177772957,0.28162978063377975,3526,0.0,0,0.8178672790527344,F1
13,17.parquet,1,0.23857129525024023,0.03773584905660378,0.1386048075771396,0.37102388032485895,3417,0.0,0,0.7993584871292114,F1
13,17.parquet,2,0.2341380225114776,0.042780748663101595,0.10416666666666669,0.6248647775820788,3741,0.0,0,0.8301160335540771,F1
15,0.parquet,0,1.2585603888985926,0.10447761194029849,0.301903185378553,0.4081111866612429,2868,0.0,0,0.8179377913475037,F1
15,0.parquet,1,1.5937116755189682,0.05138339920948617,0.20988701826463627,0.4337204555620864,3171,0.0,0,0.8227086663246155,F1
15,0.parquet,2,0.7253150066075532,0.05896805896805897,0.12441679626749613,0.5866520213076332,2455,0.0,0,0.8258247375488281,F1
15,1.parquet,0,5.795929094779162,0.21513944223107564,0.4273007518796993,0.4682004565300106,2523,0.0,0,0.8378407955169678,F1
15,1.parquet,1,0.2825545164041299,0.04436229205175601,0.15423251099587915,0.47084951457316565,3137,0.0,0,0.8159828186035156,F1
15,1.parquet,2,0.2295472933380808,0.041587901701323246,0.09798228527325517,0.5355741700668295,3210,0.0,0,0.8134039044380188,F1
15,2.parquet,0,6.1244141421099085,0.15267175572519082,0.3715484773151025,0.5313760055622896,2589,0.0,0,0.8381603956222534,F1
15,2.parquet,1,0.8640502346936285,0.037463976945244955,0.13606417112299465,0.3935912012181562,4305,0.0,0,0.8214316368103027,F1
15,2.parquet,2,0.21673802887529942,0.04371584699453552,0.12208737450355397,0.5922942796998729,3289,0.0,0,0.8267381191253662,F1
15,3.parquet,0,2.656845568589892,0.13503649635036497,0.2806856388830517,0.31418335993973795,2815,0.0,0,0.8265138268470764,F1
15,3.parquet,1,0.4294427903857828,0.04347826086956522,0.16631281533804243,0.4141434691052019,3526,0.0,0,0.8134843707084656,F1
15,3.parquet,2,0.36254219147960665,0.05029013539651837,0.11672708591811416,0.5941300113125598,3111,0.0,0,0.8254075050354004,F1
15,4.parquet,0,1.2482586393667672,0.12619502868068835,0.2665025032265757,0.3358094734189534,2514,0.0,0,0.8190149664878845,F1
15,4.parquet,1,0.18919572700150836,0.03488372093023256,0.11448582281915616,0.39563087002312153,3350,0.0,0,0.8077713847160339,F1
15,4.parquet,2,0.225357266851033,0.048289738430583505,0.10062893081761008,0.5873034550724109,3117,0.0,0,0.8130467534065247,F1
15,5.parquet,0,3.2481145052531026,0.12048192771084336,0.25231951414233583,0.3274903891611556,2614,0.0,0,0.8153185248374939,F1
15,5.parquet,1,0.23906871910713975,0.040145985401459854,0.12732015539645447,0.5331693371605127,3678,0.0,0,0.8121533393859863,F1
15,5.parquet,2,0.20016363736149065,0.031914893617021274,0.11844079820416466,0.5130559694256693,3379,0.0,0,0.807036280632019,F1
15,6.parquet,0,1.189350027950262,0.09294871794871794,0.25971607782687184,0.372282723037372,3327,0.0,0,0.8214218616485596,F1
15,6.parquet,1,0.3591423504912975,0.04106776180698152,0.17827440331445887,0.5255540032173771,3209,0.0,0,0.8194616436958313,F1
15,6.parquet,2,0.5195015597419219,0.06516290726817042,0.1132686084142395,0.6263922340816988,2273,0.0,0,0.8262622952461243,F1
15,7.parquet,0,0.6786769126019648,0.08679927667269438,0.19619500594530326,0.1708354531160664,2904,0.0,0,0.8059184551239014,F1
15,7.parquet,1,0.2971873643438373,0.033287101248266296,0.12270221933908614,0.4038755246810065,4861,0.0,0,0.8085594773292542,F1
15,7.parquet,2,0.45272222376453874,0.058212058212058215,0.16064666225143076,0.5990757121829535,2920,0.0,0,0.8315931558609009,F1
15,8.parquet,0,1.0962106240068619,0.10207939508506615,0.24504147344760124,0.1888124368738807,2775,0.0,0,0.8176140785217285,F1
15,8.parquet,1,0.2814120118588278,0.033096926713948,0.11392405063291142,0.4728827917858564,2819,0.0,0,0.8081802129745483,F1
15,8.parquet,2,0.3547155053835193,0.04174573055028463,0.11515548500612,0.4685001486191834,3406,0.0,0,0.8170435428619385,F1
15,9.parquet,0,2.231032065185364,0.1252236135957066,0.37495841305320254,0.5287701650166314,2856,0.0,0,0.8326418399810791,F1
15,9.parquet,1,0.1885406913312512,0.02870813397129187,0.09514747859181734,0.46854409747492487,3967,0.0,0,0.8108962178230286,F1
15,9.parquet,2,0.6944683416549314,0.04436229205175601,0.14437257438551104,0.584071785290762,3327,0.0,0,0.8243257403373718,F1
15,10.parquet,0,2.9553264494754514,0.1494661921708185,0.32059808889043784,0.36061185892458114,2959,0.0,0,0.8317209482192993,F1
15,10.parquet,1,0.22898122515087996,0.028070175438596485,0.11889958376690951,0.47003475379135085,3536,0.0,0,0.8084700703620911,F1
15,10.parquet,2,0.17557018845388014,0.04214559386973181,0.1003541912632822,0.5827762586652019,3335,0.0,0,0.8170045018196106,F1
15,11.parquet,0,5.732086834603268,0.16498993963782696,0.3845087038207579,0.4165415944882547,2476,0.0,0,0.83871990442276,F1
15,11.parquet,1,0.25870847239736405,0.03036053130929791,0.14809451009829083,0.449300600315793,3214,0.0,0,0.8108069896697998,F1
15,11.parquet,2,0.29250310814940633,0.04716981132075472,0.10885341074020322,0.5371564249287472,2635,0.0,0,0.8154009580612183,F1
15,12.parquet,0,3.829084557861207,0.1313868613138686,0.3252010508728678,0.45270398443845195,2894,0.0,0,0.827068567276001,F1
15,12.parquet,1,0.35601692407974006,0.03539823008849558,0.13466212931453575,0.4881611642963187,3614,0.0,0,0.8150136470794678,F1
15,12.parquet,2,0.2584558068487694,0.05417607223476298,0.1560208944281525,0.5714854086936889,2640,0.0,0,0.8279339671134949,F1
15,13.parquet,0,0.7884270132424157,0.11297071129707112,0.23107492543043678,0.29174101067941766,2296,0.0,0,0.8153146505355835,F1
15,13.parquet,1,0.254008625720933,0.03389830508474576,0.13688600834158493,0.41434039837122977,3417,0.0,0,0.8154338002204895,F1
15,13.parquet,2,0.2993710098089,0.04534005037783376,0.16776505437267653,0.5906438854490832,2391,0.0,0,0.8237800002098083,F1
15,14.parquet,0,1.411165594943159,0.09937888198757765,0.30679708795178406,0.23914664686475814,3393,0.0,0,0.8119029998779297,F1
15,14.parquet,1,0.20084916753048956,0.034682080924855495,0.10943497769478164,0.4437162394326972,3319,0.0,0,0.8018069267272949,F1
15,14.parquet,2,0.2233117842552464,0.04073319755600814,0.0903225806451613,0.45629650615495243,3080,0.0,0,0.8114053010940552,F1
15,15.parquet,0,1.7284446662166384,0.08759124087591241,0.25144985761603145,0.171929052593568,3822,0.0,0,0.8146555423736572,F1
15,15.parquet,1,0.40790907382289593,0.04819277108433735,0.18729090909090912,0.5367527241096729,3062,0.0,0,0.8155421614646912,F1
15,15.parquet,2,0.40336106131180566,0.047058823529411764,0.0954198473282443,0.6001713019990685,3181,0.0,0,0.8294236063957214,F1
15,16.parquet,0,0.7226442440786767,0.0924092409240924,0.2178965717606043,0.26209101573645055,3375,0.0,0,0.8111922740936279,F1
15,16.parquet,1,0.3395239506036695,0.03495145631067961,0.12869153414692025,0.4204432993023783,3192,0.0,0,0.8036836385726929,F1
15,16.parquet,2,0.2624981455729045,0.05504587155963303,0.12283236994219654,0.6882085615610476,2718,0.0,0,0.8267319202423096,F1
15,17.parquet,0,1.139872403818201,0.10186757215619693,0.2520601629542427,0.27111454281918823,3200,0.0,0,0.8146250247955322,F1
15,17.parquet,1,0.2801412332567624,0.04285714285714285,0.13789581205311544,0.5122006765509982,3765,0.0,0,0.8171769976615906,F1
15,17.parquet,2,0.10115879760353387,0.05019305019305019,0.0896057347670251,0.5977065809825114,3179,0.0,0,0.8188914656639099,F1
16,0.parquet,0,1.442872140968736,0.11146496815286623,0.2912848227175031,0.4340218969407358,3229,0.0,0,0.8201853632926941,F1
16,0.parquet,1,0.20102563586605618,0.030000000000000002,0.09906152241918668,0.453954290797651,3607,0.0,0,0.803454577922821,F1
16,0.parquet,2,0.2545360801856647,0.05357142857142856,0.10822510822510825,0.5683704190260687,2618,0.0,0,0.8245180249214172,F1
16,1.parquet,0,1.9047830375866228,0.12982998454404948,0.33210456550300305,0.45417306196542595,3425,0.0,0,0.8324795365333557,F1
16,1.parquet,1,0.275824705608836,0.03428571428571429,0.14946177573539335,0.4436069222103476,3227,0.0,0,0.8118326663970947,F1
16,1.parquet,2,0.23808267884777093,0.038543897216274096,0.10781671159029652,0.584529989255388,2807,0.0,0,0.8167772889137268,F1
16,2.parquet,0,4.784812191765007,0.15648854961832062,0.35419637649778524,0.4404582903132428,2598,0.0,0,0.8359560370445251,F1
16,2.parquet,1,0.1870784218948921,0.031746031746031744,0.10520487264673314,0.42179294620612207,3217,0.0,0,0.80563884973526,F1
16,2.parquet,2,0.17091638138612297,0.03963963963963964,0.11321544073405537,0.5552794385385732,3351,0.0,0,0.8204331398010254,F1
16,3.parquet,0,1.818122260574294,0.10013908205841446,0.2800657932514986,0.5211714819404928,3849,0.0,0,0.8292229771614075,F1
16,3.parquet,1,0.3206759508714615,0.04119850187265917,0.154855346428865,0.4861381299258093,3269,0.0,0,0.8178334832191467,F1
16,3.parquet,2,0.31702195743654776,0.044843049327354265,0.13235640600385293,0.560413530404002,2737,0.0,0,0.8172720670700073,F1
16,4.parquet,0,1.9046910876114922,0.1223021582733813,0.27032261016794035,0.3632667260547945,2681,0.0,0,0.8286830186843872,F1
16,4.parquet,1,0.34632033288161534,0.0392156862745098,0.11759752534799796,0.49560904622086266,4085,0.0,0,0.8185965418815613,F1
16,4.parquet,2,0.28970402246616456,0.05517241379310345,0.11678832116788324,0.5644458770930303,2698,0.0,0,0.8223572969436646,F1
16,5.parquet,0,1.0305609745633266,0.09461663947797715,0.2593140020040605,0.2196678057186943,3275,0.0,0,0.8134150505065918,F1
16,5.parquet,1,0.27385609361443203,0.039823008849557515,0.13194284064665132,0.40912351983601275,2907,0.0,0,0.8065811395645142,F1
16,5.parquet,2,0.2512025714692838,0.04761904761904762,0.12605042016806725,0.5081366332372494,2531,0.0,0,0.8257443904876709,F1
16,6.parquet,0,2.716701863042685,0.11695906432748537,0.2964972568042077,0.42710663855020364,2708,0.0,0,0.8199854493141174,F1
16,6.parquet,1,1.8234248993280158,0.04018547140649151,0.16074298861034267,0.4331535792284579,3902,0.0,0,0.831768810749054,F1
16,6.parquet,2,0.20952121832633472,0.05957446808510638,0.1425199709513435,0.5374584200058891,2782,0.0,0,0.8298366069793701,F1
16,7.parquet,0,1.918140621320175,0.10771470160116448,0.2757406013599804,0.4477327716843411,3658,0.0,0,0.8279017210006714,F1
16,7.parquet,1,0.3461670983333167,0.0421455938697318,0.14175493729488983,0.4265157831321411,3446,0.0,0,0.8041363954544067,F1
16,7.parquet,2,0.2992953135936862,0.0631163708086785,0.14901006375348158,0.5888968644036049,3090,0.0,0,0.827337384223938,F1
16,8.parquet,0,1.3200947809669223,0.09354838709677421,0.2676745427582798,0.27106117168811866,3218,0.0,0,0.8136987686157227,F1
16,8.parquet,1,0.26211983939010614,0.036585365853658534,0.14328984003356365,0.5431338115212677,4380,0.0,0,0.8236444592475891,F1
16,8.parquet,2,0.225357266851033,0.05504587155963303,0.10651629072681706,0.49838448368064575,3271,0.0,0,0.815299391746521,F1
16,9.parquet,0,1.323127260802623,0.10869565217391304,0.29413764941449916,0.33330021504090823,3436,0.0,0,0.8268988132476807,F1
16,9.parquet,1,0.2344703135653024,0.03461538461538461,0.10123734533183353,0.4161013615880662,3212,0.0,0,0.8077565431594849,F1
16,9.parquet,2,0.2614757526132078,0.05200945626477541,0.1101321585903084,0.530909987182247,2588,0.0,0,0.8185502886772156,F1
16,10.parquet,0,0.9912904844512319,0.11273486430062632,0.2560333963877542,0.31380977547003674,2260,0.0,0,0.8203715085983276,F1
16,10.parquet,1,0.292730257028712,0.03949730700179534,0.14798204239014454,0.44664800950817685,3449,0.0,0,0.8162161111831665,F1
16,10.parquet,2,0.23997810328292632,0.048565121412803544,0.10928961748633881,0.5551890578056137,2795,0.0,0,0.8196884393692017,F1
16,11.parquet,0,3.267837572787899,0.13095238095238096,0.31253136222221256,0.47990748754608,2593,0.0,0,0.8259175419807434,F1
16,11.parquet,1,0.2291258801513963,0.032432432432432434,0.133839635719335,0.42846738359832176,3482,0.0,0,0.8091312646865845,F1
16,11.parquet,2,0.21164727813177822,0.054945054945054944,0.1201635734507707,0.6049885496791609,3353,0.0,0,0.8212860226631165,F1
16,12.parquet,0,3.3433837502200316,0.13451327433628318,0.321510209714459,0.4345203928085671,2981,0.0,0,0.8206475973129272,F1
16,12.parquet,1,0.19721442535846345,0.03508771929824561,0.09849362688296641,0.375167589854818,2726,0.0,0,0.798610508441925,F1
16,12.parquet,2,0.2293214782356898,0.039840637450199196,0.09740259740259742,0.5470341665578766,2911,0.0,0,0.8138598799705505,F1
16,13.parquet,0,0.7255390336646982,0.10756302521008404,0.27889433583680895,0.330592764671356,2988,0.0,0,0.8170410990715027,F1
16,13.parquet,1,0.3774266445436211,0.0375,0.11764705882352942,0.5015005110696104,4184,0.0,0,0.8216274976730347,F1
16,13.parquet,2,0.25721372705008755,0.04081632653061224,0.11952191235059763,0.5766765534558246,2903,0.0,0,0.8216326832771301,F1
16,14.parquet,0,0.5684923781653396,0.11842105263157897,0.26333599855119655,0.34285755553784275,2330,0.0,0,0.8140078783035278,F1
16,14.parquet,1,0.40815838281550043,0.038387715930902115,0.17608756111422366,0.45675943454933005,3216,0.0,0,0.814922034740448,F1
16,14.parquet,2,0.6059301515770777,0.049335863377609104,0.16336739037888465,0.6123248828540044,3198,0.0,0,0.826683521270752,F1
16,15.parquet,0,2.656648116439254,0.13360323886639677,0.3289392042057288,0.49579877379001414,2592,0.0,0,0.8216711282730103,F1
16,15.parquet,1,0.2617580352990216,0.033271719038817,0.11400651465798048,0.44245857133407807,3392,0.0,0,0.8123081922531128,F1
16,15.parquet,2,0.3808515679066992,0.05970149253731343,0.13071781526403023,0.5862945001380476,3214,0.0,0,0.8289709687232971,F1
16,16.parquet,0,1.233494194426285,0.07907742998352553,0.21331396196519037,0.16079092167358447,3268,0.0,0,0.807090699672699,F1
16,16.parquet,1,0.27693179826705294,0.05249343832020997,0.1606826801517067,0.38794303925307483,2565,0.0,0,0.799832820892334,F1
16,16.parquet,2,0.4810712025902024,0.05869074492099322,0.14213110336348175,0.6514241538720013,2709,0.0,0,0.822822093963623,F1
16,17.parquet,0,0.973119242202793,0.0919931856899489,0.23416577534396027,0.3309036805554613,3061,0.0,0,0.8110551238059998,F1
16,17.parquet,1,0.2628789351660062,0.03745318352059925,0.14718913532919556,0.5381709147337559,3689,0.0,0,0.8145422339439392,F1
16,17.parquet,2,0.2972626987353921,0.0619047619047619,0.12912482065997133,0.5692573299466218,2776,0.0,0,0.8261279463768005,F1
6,0.parquet,0,0.7683634315457084,0.1,0.2805031889793438,0.36115129642766713,3161,0.5577348940208795,1,0.8247448205947876,F1
6,0.parquet,1,0.8375227050700076,0.038011695906432746,0.1720904249104222,0.5446903699426123,4312,0.6818181818181818,1,0.8345221281051636,F1
6,0.parquet,2,0.21817361032457216,0.02831858407079646,0.06241331484049932,0.6418986961939677,6583,0.7773051800091144,1,0.8361441493034363,F1
6,1.parquet,0,0.6023104350010886,0.088,0.2632168880123671,0.2281828162970402,4103,0.5747014379722154,1,0.8259531855583191,F1
6,1.parquet,1,1.1044702413799918,0.03385416666666667,0.17139533681435148,0.5597505958071333,4865,0.758273381294964,1,0.8331378698348999,F1
6,1.parquet,2,0.4087314473875581,0.02671118530884808,0.0616883116883117,0.6667828583814598,7246,0.6929340325696937,1,0.8311682343482971,F1
6,2.parquet,0,1.6307682698060286,0.0848356309650053,0.24701986191885184,0.3691047071083661,5173,0.6885752947999226,1,0.8332158923149109,F1
6,2.parquet,1,0.22298479168592478,0.03299492385786803,0.10961148495559182,0.5853316483635861,5008,0.6144169329073482,1,0.822552502155304,F1
6,2.parquet,2,0.5140876511211285,0.03504672897196262,0.08232235701906414,0.6420087028348734,5141,0.7430460999805485,1,0.832349419593811,F1
6,3.parquet,0,1.0260204333211418,0.09443099273607748,0.26526655772896807,0.3667317235411579,4701,0.7121888959795788,1,0.8369262218475342,F1
6,3.parquet,1,0.4866165179619357,0.03636363636363637,0.12893982808022925,0.5891825422908883,4318,0.7325150532654007,1,0.8202971816062927,F1
6,3.parquet,2,0.4597425159577382,0.04786324786324786,0.13970110461338536,0.6254752965790876,3511,0.6633437767017943,1,0.8369150161743164,F1
6,4.parquet,0,0.8216742475186126,0.09879518072289156,0.2742473485386487,0.3364168805950455,4714,0.6639796351294018,1,0.8315697908401489,F1
6,4.parquet,1,0.49420243492328864,0.0356687898089172,0.11541632316570488,0.6114479488923213,5047,0.6286903110758867,1,0.8232393264770508,F1
6,4.parquet,2,0.3894439968001179,0.03907203907203908,0.09610894720058313,0.6459419805485153,4799,0.6451344030006251,1,0.8333767652511597,F1
6,5.parquet,0,2.2029012450590137,0.08362369337979095,0.2382657425366173,0.30452916763428967,4717,0.6758532965868137,1,0.8318662047386169,F1
6,5.parquet,1,0.1604734938999792,0.025773195876288662,0.08089607965152458,0.592406940059176,7743,0.7250419733953248,1,0.8140417337417603,F1
6,5.parquet,2,0.4808544104755108,0.039653035935563824,0.11450977332136868,0.676114689940706,4824,0.7375621890547264,1,0.8384633660316467,F1
6,6.parquet,0,2.0463602730729344,0.09123649459783914,0.2633812514362864,0.4268399095400447,4577,0.6458378850775617,1,0.8393422961235046,F1
6,6.parquet,1,0.3049771434463031,0.031007751937984496,0.13725324604727734,0.5313860211173165,5670,0.6119929453262787,1,0.8267361521720886,F1
6,6.parquet,2,0.30772558552538143,0.023529411764705882,0.07413550673997424,0.5538844807450839,7456,0.3374463519313305,1,0.8285465836524963,F1
6,7.parquet,0,2.312107737841489,0.11353711790393013,0.31007040762083377,0.31166568752237017,3661,0.6001092597650916,1,0.8345186710357666,F1
6,7.parquet,1,0.4898412858818989,0.04771371769383698,0.14172335600907032,0.5274938204021874,3254,0.6911493546404426,1,0.8153384923934937,F1
6,7.parquet,2,0.24701873894869913,0.04261363636363636,0.09584664536741215,0.6171076827946113,4218,0.576339497392129,1,0.8301941752433777,F1
6,8.parquet,0,1.1187438401913203,0.07858546168958744,0.2403866636516177,0.3281038856348707,5496,0.8153202328966521,1,0.8271169066429138,F1
6,8.parquet,1,0.4413890578992711,0.04043126684636119,0.14241574492392378,0.5889075846536247,4953,0.5328083989501312,1,0.8239685297012329,F1
6,8.parquet,2,0.38542077412136644,0.05,0.11269276393831557,0.6327671688687946,3511,0.6798632868128738,1,0.8332901000976562,F1
6,9.parquet,0,1.5011486068217643,0.0909090909090909,0.25210092758091424,0.27192188899493835,3797,0.6110086910718988,1,0.8269715905189514,F1
6,9.parquet,1,0.9872002100330126,0.04201680672268908,0.14158630913410278,0.565698267751478,4551,0.6178861788617886,1,0.828131914138794,F1
6,9.parquet,2,0.37710128066045034,0.0392156862745098,0.11494147840457836,0.6771476265889176,4561,0.6485419864064899,1,0.830168604850769,F1
6,10.parquet,0,2.0107059891024996,0.09898477157360407,0.29476814413812175,0.3019347825603873,4321,0.6137468178662346,1,0.839752197265625,F1
6,10.parquet,1,0.6099188962695901,0.03778040141676505,0.1285182695045597,0.5855290490947627,5442,0.7203234105108416,1,0.830662190914154,F1
6,10.parquet,2,0.194990636925729,0.03513174404015056,0.11049207517198692,0.6091844203679322,4685,0.6533617929562433,1,0.8301055431365967,F1
6,11.parquet,0,1.9439612558996044,0.10588235294117647,0.27835555378479415,0.34262299949500163,3706,0.645979492714517,1,0.8267022371292114,F1
6,11.parquet,1,0.9238189476544758,0.034482758620689655,0.13772772359576868,0.5414516521060947,4801,0.5761299729223078,1,0.8272854089736938,F1
6,11.parquet,2,0.6434147716390064,0.03778337531486146,0.0945042403211495,0.6435510967712662,4530,0.7843267108167771,1,0.8324342370033264,F1
6,12.parquet,0,1.2798634315993547,0.09831029185867896,0.27513720629526034,0.26504410120623495,3335,0.6677661169415292,1,0.8273078203201294,F1
6,12.parquet,1,0.7966164296390544,0.04289544235924933,0.11739130434782612,0.5042419419639804,4767,0.6121250262219425,1,0.8208577036857605,F1
6,12.parquet,2,0.35742267878394307,0.03969465648854961,0.1029252437703142,0.6202445994343363,3865,0.5927554980595084,1,0.8291636109352112,F1
6,13.parquet,0,1.0879208028557248,0.09253731343283583,0.26751411113181933,0.3137934195920797,3582,0.5804020100502513,1,0.8270952105522156,F1
6,13.parquet,1,0.3081200058110717,0.032598274209012464,0.10851289944297862,0.5722063305689543,6880,0.7350290697674419,1,0.8257378935813904,F1
6,13.parquet,2,0.5849719107771869,0.0356234096692112,0.08514664143803219,0.595161485849676,4640,0.6420258620689655,1,0.8346586227416992,F1
6,14.parquet,0,0.7048265772178025,0.08762886597938145,0.24659626027442125,0.2607258541057599,4345,0.5997698504027618,1,0.8270673155784607,F1
6,14.parquet,1,0.3855246723279468,0.02841530054644809,0.10678871090770405,0.5583989692949775,6011,0.6993844618199967,1,0.8258677124977112,F1
6,14.parquet,2,0.5080878801109484,0.0389768574908648,0.12153740274140207,0.6123611251757283,4841,0.6750671348894857,1,0.8318323493003845,F1
6,15.parquet,0,0.722943110303297,0.08926417370325693,0.24797896009247233,0.2887363709636747,4514,0.6555161719096145,1,0.826082170009613,F1
6,15.parquet,1,0.20258635168218495,0.02833530106257379,0.1008886490657324,0.642086086151442,5660,0.6044169611307421,1,0.8220772743225098,F1
6,15.parquet,2,0.20522572306037984,0.030729833546734957,0.11077563268684962,0.6014950712569953,4503,0.5860537419498112,1,0.8263022303581238,F1
6,16.parquet,0,0.8425787873570542,0.07818930041152262,0.24001475047750437,0.41517554426991854,5559,0.7132577801762907,1,0.8285400867462158,F1
6,16.parquet,1,0.7010212669758736,0.03412073490813648,0.14086255307492127,0.5298854152959006,5050,0.6875247524752475,1,0.8326582908630371,F1
6,16.parquet,2,0.2617532091250128,0.042692939244663386,0.10526315789473685,0.6447730723880067,3741,0.6324512162523389,1,0.8311514258384705,F1
6,17.parquet,0,1.2972279458437401,0.10140845070422536,0.2699641530467661,0.32762500484626916,3793,0.6079620353282362,1,0.8311007618904114,F1
6,17.parquet,1,0.3899191929246174,0.030211480362537763,0.11083047080218227,0.5416592042798625,6871,0.6208703245524669,1,0.8313735723495483,F1
6,17.parquet,2,0.5051099990476161,0.02342606149341142,0.061258764291251815,0.6736481788939872,8149,0.7116210577985029,1,0.8319042921066284,F1
7,0.parquet,0,2.1002585965648413,0.09547738693467336,0.28899716248506574,0.29113188261221823,4134,0.606192549588776,1,0.8256266713142395,F1
7,0.parquet,1,0.2953994999332857,0.027111574556830036,0.12459828249301938,0.47886750349528,6176,0.7276554404145078,1,0.8219342827796936,F1
7,0.parquet,2,0.5579970412506492,0.03782505910165485,0.1058840647840346,0.6814895185499876,4972,0.6560740144810941,1,0.8380136489868164,F1
7,1.parquet,0,1.6394107551071255,0.09489051094890512,0.24559044851252643,0.21358441242945392,4360,0.7759174311926605,1,0.8256417512893677,F1
7,1.parquet,1,0.4840913707459706,0.03347280334728034,0.1448689034361896,0.4785443196045794,4711,0.590745064742093,1,0.8218636512756348,F1
7,1.parquet,2,0.6496470142167633,0.048309178743961345,0.10514018691588786,0.6639447473279655,3661,0.6602021305654193,1,0.8343390226364136,F1
7,2.parquet,0,1.8691421170730333,0.09343065693430656,0.2551342323793042,0.17323794550163943,3704,0.6536177105831533,1,0.8205665946006775,F1
7,2.parquet,1,0.4093852013553356,0.03773584905660377,0.12077294685990339,0.5619511921491076,4166,0.6130580892942871,1,0.8263967037200928,F1
7,2.parquet,2,0.46842661025328236,0.04015056461731493,0.10553079877420482,0.6778793311344845,4492,0.6671861086375779,1,0.8329905271530151,F1
7,3.parquet,0,1.5826873951980611,0.10222804718217564,0.24348511301697132,0.36453852551105637,4028,0.6556603773584906,1,0.8281409740447998,F1
7,3.parquet,1,0.25035982283154323,0.039603960396039604,0.13224826388888894,0.27761292105680196,3185,0.5324960753532182,1,0.7993534803390503,F1
7,3.parquet,2,0.3661627221621143,0.04178272980501393,0.11582648645949309,0.649777525859489,4359,0.690984170681349,1,0.8362135887145996,F1
7,4.parquet,0,1.5802886119093382,0.10126582278481013,0.2772260101600859,0.2717171380965075,4487,0.7100512591932249,1,0.8290971517562866,F1
7,4.parquet,1,0.19658158191900868,0.0273972602739726,0.08870967741935484,0.5594382364150567,5415,0.5844875346260388,1,0.818354070186615,F1
7,4.parquet,2,0.5126935871365975,0.04431314623338257,0.12433351468988035,0.6828818822232356,4011,0.581650461231613,1,0.8366672992706299,F1
7,5.parquet,0,1.6894818547397805,0.09141274238227147,0.28785474012983236,0.27084716784431356,3803,0.677097028661583,1,0.8339113593101501,F1
7,5.parquet,1,0.26967871114979136,0.041335453100158986,0.11917098445595857,0.3294081047359297,3910,0.711764705882353,1,0.8154622912406921,F1
7,5.parquet,2,0.5204816268136941,0.038291605301914576,0.09989484752891693,0.6494040129590763,4109,0.5918715015818934,1,0.8371767401695251,F1
7,6.parquet,0,1.157503516231496,0.07942238267148015,0.23441421248810237,0.4196805004915915,6230,0.7642054574638845,1,0.8399953246116638,F1
7,6.parquet,1,0.3020569605219566,0.04436229205175601,0.15295698429936133,0.32273155115427926,3355,0.6217585692995529,1,0.8123962879180908,F1
7,6.parquet,2,0.2413042071666369,0.04582651391162029,0.10638297872340427,0.6575747156923876,3543,0.6480383855489698,1,0.8338080048561096,F1
7,7.parquet,0,1.7985113019497796,0.10329985652797705,0.28946859569373856,0.35744653127966797,3618,0.6321171918186843,1,0.8321990966796875,F1
7,7.parquet,1,1.2967499202020185,0.042488619119878605,0.1714140755236646,0.4880718899005297,4096,0.666259765625,1,0.8330367803573608,F1
7,7.parquet,2,0.14306671390422518,0.025,0.08365818404800492,0.44078668056352477,5391,0.6215915414579856,1,0.814054548740387,F1
7,8.parquet,0,2.334502545942244,0.10404624277456648,0.29778822858407217,0.4257767296227549,3777,0.625099285146942,1,0.8412978649139404,F1
7,8.parquet,1,0.1656959315442937,0.026525198938992047,0.08168529664660364,0.2780760960880428,4398,0.5839017735334243,1,0.8042926788330078,F1
7,8.parquet,2,0.2884677279192934,0.030555555555555555,0.11551940994736909,0.5486785656326835,4444,0.6134113411341134,1,0.8192571401596069,F1
7,9.parquet,0,1.9837952959447178,0.11650485436893204,0.26277672786883194,0.2922704196065057,3776,0.6016949152542372,1,0.8303232192993164,F1
7,9.parquet,1,0.21967648006452123,0.028328611898016998,0.11323179635400205,0.4267299493521916,4622,0.5889225443530939,1,0.812550961971283,F1
7,9.parquet,2,0.5539321701673104,0.04375,0.12286206606445667,0.6725266844186837,3779,0.6533474464143953,1,0.8403493762016296,F1
7,10.parquet,0,0.7124623046880327,0.08616780045351474,0.2311129019896862,0.33183186605516785,4619,0.6494912318683698,1,0.823825478553772,F1
7,10.parquet,1,0.22099548752294035,0.030927835051546393,0.10190861671860185,0.47207803031249007,4971,0.6407161536914102,1,0.8230841159820557,F1
7,10.parquet,2,0.5050135907491611,0.0391644908616188,0.08763388510223954,0.6845786186520582,4619,0.6187486468932669,1,0.837821364402771,F1
7,11.parquet,0,1.2757951798233382,0.0916767189384801,0.24032900079790426,0.20955176864186442,4432,0.6705776173285198,1,0.824553906917572,F1
7,11.parquet,1,0.35858815852000614,0.03217821782178218,0.12872146044448782,0.549910753057527,5227,0.6715132963458963,1,0.8204687237739563,F1
7,11.parquet,2,0.5733186420889226,0.04491017964071856,0.10485651214128038,0.6964703779450951,3851,0.6593092703193976,1,0.8366391062736511,F1
7,12.parquet,0,1.2224826367300792,0.10738255033557047,0.28492792485197743,0.4456123102264425,4000,0.60625,1,0.8325585722923279,F1
7,12.parquet,1,0.2837106817470006,0.035460992907801414,0.1153846153846154,0.4851221732822152,3598,0.7042801556420234,1,0.8216539025306702,F1
7,12.parquet,2,0.29565382898312376,0.0392156862745098,0.09823182711198429,0.5987365418942096,4524,0.6971706454465075,1,0.8294639587402344,F1
7,13.parquet,0,2.2953727697831354,0.0961810466760962,0.23565899036128646,0.23525720076662215,3578,0.7316936836221353,1,0.8240664601325989,F1
7,13.parquet,1,0.23455223798326238,0.03179650238473768,0.12971397737022738,0.49512542699466405,4314,0.5751043115438108,1,0.8180457353591919,F1
7,13.parquet,2,0.5711620201673907,0.040760869565217385,0.131872852233677,0.6658554656175383,4280,0.6352803738317757,1,0.8329960107803345,F1
7,14.parquet,0,1.0594205986857872,0.08574739281575898,0.2501281051561849,0.23165960285156095,4633,0.7399093459961148,1,0.8258963823318481,F1
7,14.parquet,1,0.3388197401342071,0.028197381671701913,0.11101441188595414,0.5378361699323867,6209,0.7684007086487357,1,0.827110230922699,F1
7,14.parquet,2,0.7356947843125189,0.05084745762711864,0.11363636363636365,0.6932727889210953,3450,0.5339130434782609,1,0.8353359699249268,F1
7,15.parquet,0,0.9273301684728494,0.07352941176470588,0.21819096906817093,0.2285902321364669,4458,0.5713324360699865,1,0.818530797958374,F1
7,15.parquet,1,0.6508535588872637,0.03058823529411765,0.1356285648346576,0.5048615844887021,5485,0.7285323609845031,1,0.8305904269218445,F1
7,15.parquet,2,0.6285143197154722,0.0399002493765586,0.10599489795918371,0.6385312728481798,4897,0.6783745150091893,1,0.8366137742996216,F1
7,16.parquet,0,1.5265940921463426,0.11782477341389727,0.28237308250714205,0.3039501969062359,3461,0.5790234036405663,1,0.8258732557296753,F1
7,16.parquet,1,0.6810501959786328,0.02508551881413911,0.11772498454473194,0.3752610002687374,5837,0.5574781565872879,1,0.826488733291626,F1
7,16.parquet,2,0.4417057500082377,0.038011695906432746,0.09533898305084747,0.5825040582431334,4164,0.6143131604226705,1,0.8319057822227478,F1
7,17.parquet,0,1.203356242423165,0.1140819964349376,0.2904228633090582,0.47507025320364804,2730,0.6164835164835165,1,0.8290309309959412,F1
7,17.parquet,1,0.8896164428099829,0.03993344425956739,0.15234587477574607,0.3679088836820832,3896,0.6072895277207392,1,0.8307927846908569,F1
7,17.parquet,2,0.6551798354314906,0.05098039215686274,0.1345114628180269,0.6335630818489736,3032,0.591358839050132,1,0.8285203576087952,F1
8,0.parquet,0,1.2524227526609515,0.0944669365721997,0.2585427570684673,0.3188519215168775,4130,0.488861985472155,1,0.8267930150032043,F1
8,0.parquet,1,0.24984409127919457,0.029411764705882353,0.10924638475658886,0.3947744617168291,4445,0.5565804274465692,1,0.8043540120124817,F1
8,0.parquet,2,0.2850109484243628,0.03753351206434317,0.08754863813229573,0.5901898265920789,4575,0.6808743169398908,1,0.8225744962692261,F1
8,1.parquet,0,0.5335004229427477,0.08,0.24221236564170712,0.21273753642851864,4798,0.5694039182992914,1,0.8169548511505127,F1
8,1.parquet,1,0.7388998870169077,0.02841530054644809,0.11911678673173161,0.46006305114129525,5996,0.6949633088725817,1,0.8320024609565735,F1
8,1.parquet,2,0.4776275650883319,0.03412073490813648,0.09893836539927077,0.603346760643759,4766,0.6433067561896769,1,0.8264669179916382,F1
8,2.parquet,0,0.8974546103931262,0.0890125173852573,0.2734215031385318,0.2875292811757834,4093,0.458099193745419,1,0.8244470953941345,F1
8,2.parquet,1,0.12508546182222485,0.020915032679738557,0.08143322475570033,0.35299150878977215,5124,0.36377829820452773,1,0.8037415742874146,F1
8,2.parquet,2,0.3414622888047442,0.034374999999999996,0.0977198697068404,0.5539093244760287,4103,0.5537411650012186,1,0.823264479637146,F1
8,3.parquet,0,0.6704434733873048,0.08834355828220859,0.25756959519239603,0.2569901450193234,4674,0.6294394522892597,1,0.8188344240188599,F1
8,3.parquet,1,0.15323264836422815,0.026378896882494004,0.10398495006655768,0.4324710517843385,5343,0.6917462099943852,1,0.8145256638526917,F1
8,3.parquet,2,0.3031590773953901,0.02820512820512821,0.09230442094682108,0.5760381186799286,5085,0.5826941986234022,1,0.8247533440589905,F1
8,4.parquet,0,0.8286925866412946,0.0909090909090909,0.26466135324233564,0.32269002122076884,5267,0.43174482627681793,1,0.829440176486969,F1
8,4.parquet,1,0.1823607452625852,0.026354319180087845,0.08779631255487272,0.44899135308822896,4882,0.6212617779598525,1,0.8098121881484985,F1
8,4.parquet,2,0.7387350105874843,0.03142857142857143,0.08629441624365483,0.5928874174485967,4474,0.5167635225748771,1,0.8344116806983948,F1
8,5.parquet,0,0.5245298370001505,0.11164274322169059,0.2915518106361258,0.3491378042486123,3406,0.5091015854374633,1,0.8242819905281067,F1
8,5.parquet,1,0.14173313721444136,0.023255813953488372,0.0855855855855856,0.33044552909113534,4439,0.5863933318314936,1,0.8063187599182129,F1
8,5.parquet,2,0.14522828050732067,0.02434077079107505,0.0633855331841909,0.5270277501552121,6231,0.7225164500080244,1,0.8172818422317505,F1
8,6.parquet,0,0.3403718853150844,0.07256235827664398,0.22961024809561548,0.11650995749901502,5193,0.6029270171384556,1,0.8112731575965881,F1
8,6.parquet,1,0.254973768608966,0.03846153846153846,0.1344339440694311,0.511157757784054,4318,0.5884668828161186,1,0.8210974335670471,F1
8,6.parquet,2,0.48041725694657733,0.02882483370288248,0.07533703409992071,0.6247533202890722,5716,0.700664800559832,1,0.8346478939056396,F1
8,7.parquet,0,0.8163137123870327,0.08968609865470853,0.2765638522595864,0.1701580831733837,3719,0.5697768217262705,1,0.8157548904418945,F1
8,7.parquet,1,0.9314324325484354,0.025751072961373387,0.12062368050668544,0.5093431514565468,6391,0.6183695822250039,1,0.8306796550750732,F1
8,7.parquet,2,0.2741152575011807,0.0386100386100386,0.09765625000000003,0.6137552950317406,3203,0.5857009054011864,1,0.8162637948989868,F1
8,8.parquet,0,1.1869941882811696,0.11764705882352942,0.2694491653529043,0.4425859804715026,3007,0.44828732956434986,1,0.8205533027648926,F1
8,8.parquet,1,0.16990292498150653,0.028534370946822308,0.11319002615421712,0.4561737612262032,5356,0.4312920089619119,1,0.8097165822982788,F1
8,8.parquet,2,0.378809444110704,0.03478260869565218,0.08709016393442624,0.538177985424485,4241,0.4124027352039613,1,0.8207238912582397,F1
8,9.parquet,0,0.8275797274947605,0.09922480620155039,0.25782283465498596,0.23858648174956487,3420,0.6005847953216374,1,0.8141989707946777,F1
8,9.parquet,1,0.14747139994257655,0.023099133782483156,0.08769984941206628,0.506671907241507,7033,0.6335845300725153,1,0.8180180788040161,F1
8,9.parquet,2,0.3247087772341739,0.034985422740524776,0.09892958070452158,0.5230257682611188,4339,0.5618806176538373,1,0.8224039077758789,F1
8,10.parquet,0,1.4391239143390484,0.08626560726447219,0.24521798785803298,0.3245951901900889,5128,0.5477769110764431,1,0.8258432149887085,F1
8,10.parquet,1,0.24419054085032,0.030660377358490566,0.12919261444335195,0.3903647568459308,5662,0.6013776050865418,1,0.8127073645591736,F1
8,10.parquet,2,0.4574722335306582,0.03480589022757698,0.07884972170686456,0.6046469443936163,4888,0.6812602291325696,1,0.8182114958763123,F1
8,11.parquet,0,0.7450906057870661,0.0797607178464606,0.2659230278198251,0.26581991422060325,6063,0.45637473198086753,1,0.8331799507141113,F1
8,11.parquet,1,0.47697734237124934,0.04081632653061224,0.15323110667680226,0.5546052669680159,3335,0.8710644677661169,1,0.818093478679657,F1
8,11.parquet,2,0.3533018512692083,0.029451137884872827,0.09634105743137593,0.5673750811446158,4655,0.6620837808807734,1,0.8245152831077576,F1
8,12.parquet,0,1.5948414994374391,0.08237986270022883,0.2778281821504579,0.3544191362493408,5108,0.5728269381362568,1,0.8315028548240662,F1
8,12.parquet,1,0.3654927310057355,0.022050716648291068,0.1022052785923754,0.5194873832214831,5944,0.653263795423957,1,0.8193244338035583,F1
8,12.parquet,2,0.7323254443242287,0.03303303303303304,0.11533725103622174,0.5819349716846898,4216,0.5834914611005693,1,0.829799234867096,F1
8,13.parquet,0,1.132830809693504,0.07178464606181455,0.2607299035448651,0.2667549916855763,5946,0.646653212243525,1,0.8280070424079895,F1
8,13.parquet,1,0.40456402237977845,0.035820895522388055,0.15106874427131076,0.4598804434697707,4627,0.6483682731791658,1,0.8132606744766235,F1
8,13.parquet,2,0.22020988572791608,0.0391566265060241,0.09533898305084747,0.5726314925218343,4077,0.6117243070885455,1,0.8157156705856323,F1
8,14.parquet,0,1.43872653739881,0.07976653696498055,0.2739720414206572,0.32659145350957347,6439,0.6066159341512657,1,0.8252412676811218,F1
8,14.parquet,1,0.24990693189096524,0.03263403263403264,0.106229986002186,0.4723166727974343,5738,0.6620773788776577,1,0.8115664720535278,F1
8,14.parquet,2,0.29740341341579424,0.0323699421965318,0.09388273589774128,0.5904038332664543,5538,0.5967858432647165,1,0.82075035572052,F1
8,15.parquet,0,1.0715615512500118,0.10014727540500737,0.27479681129616146,0.2773222842817997,3785,0.5532364597093792,1,0.825962483882904,F1
8,15.parquet,1,0.20660561706949485,0.02975206611570248,0.12074600420465086,0.4000431994069448,3753,0.56408206767919,1,0.8064974546432495,F1
8,15.parquet,2,0.2578240880309155,0.028634361233480177,0.07611814826051781,0.5869687397619092,5883,0.6291007989121197,1,0.8212049603462219,F1
8,16.parquet,0,1.4322394153996902,0.10556348074179743,0.27138097467023736,0.36895948224973296,3954,0.4807789580171978,1,0.8352915644645691,F1
8,16.parquet,1,0.48156078445939376,0.027649769585253454,0.12761179268203537,0.43604403097599276,5757,0.68264721208963,1,0.8207451105117798,F1
8,16.parquet,2,0.4896262813377269,0.042833607907743,0.11201689050495574,0.5617956508602509,3966,0.5226928895612708,1,0.8203235864639282,F1
8,17.parquet,0,0.7673721204736895,0.07157464212678936,0.2463853673482052,0.305524015352182,5567,0.66301419076702,1,0.8225345611572266,F1
8,17.parquet,1,0.22653291729229608,0.027863777089783284,0.15200892857142861,0.5429956549301659,4388,0.49111212397447584,1,0.8173897862434387,F1
8,17.parquet,2,0.2599510766051729,0.030428769017980632,0.09269165640394089,0.5282884829550701,4725,0.522962962962963,1,0.8125913143157959,F1
9,0.parquet,0,1.2889313672834777,0.0873015873015873,0.21848235532490423,0.2082393280388787,4227,0.5725100544121126,1,0.8162496089935303,F1
9,0.parquet,1,0.33462987166176217,0.04221635883905013,0.1313803786574871,0.3575523391361776,5035,0.7096325719960278,1,0.8193299770355225,F1
9,0.parquet,2,0.9336462595617532,0.038461538461538464,0.11295178565801652,0.6221820243162861,4424,0.4825949367088608,1,0.8259388208389282,F1
9,1.parquet,0,0.35398876857316924,0.08296296296296296,0.20110880877316378,0.20530205355802725,3617,0.5847387337572574,1,0.8111870884895325,F1
9,1.parquet,1,0.4921597034759879,0.03711340206185567,0.15094198119346294,0.41351842814838513,3252,0.584870848708487,1,0.8182567954063416,F1
9,1.parquet,2,0.8213651988935441,0.04428044280442805,0.0881612090680101,0.6386099518936528,3251,0.6035066133497385,1,0.8178812861442566,F1
9,2.parquet,0,0.3803660822174507,0.07166123778501629,0.20991253644314864,0.1461109794675989,3298,0.5172832019405701,1,0.8101166486740112,F1
9,2.parquet,1,0.27521813477023715,0.03914590747330961,0.15375521853966095,0.45712615035106424,3822,0.641287284144427,1,0.8080828189849854,F1
9,2.parquet,2,0.27750156963622685,0.027777777777777776,0.06989748369058715,0.5929119244186949,4817,0.6090927963462737,1,0.8233172297477722,F1
9,3.parquet,0,0.3678183532813941,0.0816326530612245,0.2141149311735394,0.22324765083748058,4127,0.5325902592682336,1,0.8120664954185486,F1
9,3.parquet,1,0.788282055028381,0.026143790849673207,0.12036659416349468,0.47984541261222263,5243,0.6683196643143239,1,0.8213947415351868,F1
9,3.parquet,2,0.4006454926446556,0.026212319790301444,0.10047804532577904,0.5886837152158484,4735,0.49503695881731785,1,0.8181252479553223,F1
9,4.parquet,0,0.32567183025609575,0.07978723404255318,0.21090721684884223,0.18477132627028553,4152,0.5532273603082851,1,0.8100010752677917,F1
9,4.parquet,1,1.1018862217007308,0.04120879120879121,0.18357961874430156,0.42871388505931507,4936,0.6349270664505673,1,0.8313653469085693,F1
9,4.parquet,2,0.19858629846450723,0.03202328966521106,0.08316008316008318,0.6268894601721798,4326,0.5446139620896903,1,0.8167575597763062,F1
9,5.parquet,0,0.5892048765727008,0.07209302325581395,0.19632197773740276,0.15922707117333176,4860,0.6938271604938272,1,0.8126312494277954,F1
9,5.parquet,1,1.0825887065344908,0.03195739014647137,0.1669597342853591,0.41325840447039885,4949,0.6213376439684785,1,0.8297773003578186,F1
9,5.parquet,2,0.30989143368786604,0.03293413173652695,0.1086361822371555,0.6536226617890304,4256,0.6390977443609023,1,0.8246966600418091,F1
9,6.parquet,0,0.28114569649004173,0.07276995305164319,0.18248460965176466,0.11993629815832293,4894,0.6557008581937066,1,0.8116830587387085,F1
9,6.parquet,1,0.20409584344977347,0.025412960609911054,0.11257246560622064,0.3437524923863287,5270,0.38804554079696396,1,0.8131937384605408,F1
9,6.parquet,2,0.43821919132828313,0.05188679245283019,0.1470844927253499,0.5489790158562112,2784,0.6048850574712644,1,0.8144078254699707,F1
9,7.parquet,0,0.7069892732594913,0.08333333333333333,0.21315495071536822,0.1875509996266693,4893,0.6895565092989986,1,0.8193058967590332,F1
9,7.parquet,1,0.20196261710610952,0.02600780234070221,0.1137880445008938,0.4042920597358154,5127,0.5985956699824458,1,0.8180846571922302,F1
9,7.parquet,2,0.2976955402674156,0.034267912772585674,0.10568757792844972,0.5408268342173201,4093,0.5748839482042511,1,0.8182253837585449,F1
9,8.parquet,0,1.4153970303564605,0.07727975270479134,0.22715966468925028,0.17250002650767576,3575,0.6643356643356644,1,0.8161605000495911,F1
9,8.parquet,1,0.4009161619999447,0.023622047244094488,0.14212962962962963,0.38575218182930654,5079,0.5780665485331759,1,0.8148745894432068,F1
9,8.parquet,2,0.2425606028247733,0.028277634961439594,0.08189262966333032,0.5804795787928938,5121,0.43663347002538566,1,0.8208174109458923,F1
9,9.parquet,0,0.34994226126789074,0.0903225806451613,0.2068764568764569,0.09012480596460129,3169,0.48848217103187125,1,0.8085967302322388,F1
9,9.parquet,1,0.22041723444591224,0.029717682020802383,0.1276536913576454,0.2616986128340786,4387,0.36699338956006383,1,0.808875560760498,F1
9,9.parquet,2,0.2871947390457207,0.03517587939698492,0.08050089445438285,0.5868012790505646,4960,0.6143145161290322,1,0.8226921558380127,F1
9,10.parquet,0,0.5243642178592168,0.08011444921316166,0.21887039882869855,0.15359090261514022,3829,0.49804126403760773,1,0.8088434934616089,F1
9,10.parquet,1,0.17287556054396505,0.025316455696202535,0.10138642413487138,0.32786551745266074,4673,0.5598116841429489,1,0.811835765838623,F1
9,10.parquet,2,0.24806740034214161,0.03286978508217445,0.06382978723404258,0.5793815415901015,5192,0.5624036979969184,1,0.8180474042892456,F1
9,11.parquet,0,0.2814807075318345,0.07766990291262137,0.19861824651448834,0.13519270772005626,4088,0.474559686888454,1,0.8040355443954468,F1
9,11.parquet,1,0.20112313004734786,0.030303030303030304,0.1193171903998985,0.2761717519195759,4194,0.6328087744396758,1,0.8152024745941162,F1
9,11.parquet,2,0.3134776287927456,0.03347280334728033,0.0945273631840796,0.6388214556961201,4362,0.6354883081155434,1,0.8181269764900208,F1
9,12.parquet,0,2.034216676577371,0.0978593272171254,0.3170592765364724,0.30161647282468157,3494,0.632226674298798,1,0.8245037198066711,F1
9,12.parquet,1,0.9830888074085563,0.03209876543209877,0.1537477670331546,0.36198484068722997,5612,0.47380612972202424,1,0.8309019207954407,F1
9,12.parquet,2,0.3664572294155909,0.034899328859060406,0.09569010434062337,0.550362612193124,4790,0.6267223382045929,1,0.8180235028266907,F1
9,13.parquet,0,0.3015769873315524,0.07788944723618091,0.19387210761117074,0.09120096413325783,4476,0.6322609472743521,1,0.8079079985618591,F1
9,13.parquet,1,0.31391066162780734,0.02989130434782609,0.12239508340649698,0.3961026073193395,4953,0.6214415505754088,1,0.8216959238052368,F1
9,13.parquet,2,0.4966542465590488,0.03614457831325302,0.09687836383207751,0.6352276507719239,4102,0.5019502681618723,1,0.8280643820762634,F1
9,14.parquet,0,0.36543056644234756,0.07692307692307693,0.18851997749015195,0.11810650705825262,3452,0.6164542294322132,1,0.8070085644721985,F1
9,14.parquet,1,0.4711395176207322,0.03852327447833066,0.13451819875430987,0.34576577469480524,3934,0.5170310116929334,1,0.8103040456771851,F1
9,14.parquet,2,0.29465900589823507,0.030627871362940273,0.09189189189189191,0.5606062329670148,3999,0.5218804701175294,1,0.8194429874420166,F1
9,15.parquet,0,0.7578967251933689,0.07194244604316546,0.22553013554578505,0.20069064064312653,4868,0.6518077239112572,1,0.8146635890007019,F1
9,15.parquet,1,1.0611090293904224,0.035759897828863345,0.1578257771464515,0.45672610845083533,5257,0.591972607951303,1,0.8342178463935852,F1
9,15.parquet,2,0.5008973967085525,0.038400000000000004,0.10182207931404073,0.658756202183695,4000,0.506,1,0.8345196843147278,F1
9,16.parquet,0,0.3459326921574784,0.05491990846681921,0.1799170059793127,0.15839766917757084,7671,0.7489245209229566,1,0.8101375699043274,F1
9,16.parquet,1,1.1966805151261672,0.03529411764705882,0.14214525139664805,0.3422902543479455,4553,0.5967493960026357,1,0.8283422589302063,F1
9,16.parquet,2,0.46568721018845766,0.03636363636363636,0.08528784648187634,0.5863806583074761,4152,0.7061657032755299,1,0.8219599723815918,F1
9,17.parquet,0,1.2112516315066464,0.0933852140077821,0.22259574596700232,0.12015348576835609,4168,0.6713051823416507,1,0.8138257265090942,F1
9,17.parquet,1,0.1751625534262216,0.024423337856173677,0.0888888888888889,0.3350352896242843,4889,0.5982818572305175,1,0.816494345664978,F1
9,17.parquet,2,0.4609764243872144,0.03697996918335901,0.08639308855291578,0.6292592069544624,3965,0.6080706179066835,1,0.8179977536201477,F1
