model_a,model_b,n_queries,bleu_a_wins,bleu_b_wins,rouge_a_wins,rouge_b_wins,meteor_a_wins,meteor_b_wins,sem_score_a_wins,sem_score_b_wins,bert_score_a_wins,bert_score_b_wins
deepseek-r1 @1024.0,deepseek-r1 @512.0,3,2,1,2,1,1,2,1,2,1,2
deepseek-r1 @1024.0,deepseek-r1:14b @1024.0,3,2,1,3,0,2,1,3,0,3,0
deepseek-r1 @1024.0,deepseek-r1:14b @512.0,3,3,0,3,0,2,1,2,1,3,0
deepseek-r1 @1024.0,llama3.1 @1024.0,3,2,1,0,3,0,3,2,1,3,0
deepseek-r1 @1024.0,llama3.1 @512.0,3,3,0,0,3,0,3,2,1,3,0
deepseek-r1 @1024.0,qwen2.5 @1024.0,3,2,1,0,3,2,1,3,0,3,0
deepseek-r1 @1024.0,qwen2.5 @512.0,3,3,0,0,3,1,2,2,1,3,0
deepseek-r1 @1024.0,qwen2.5:14b @1024.0,3,3,0,0,3,1,2,3,0,3,0
deepseek-r1 @1024.0,qwen2.5:14b @512.0,3,3,0,1,2,2,1,3,0,3,0
deepseek-r1 @512.0,deepseek-r1:14b @1024.0,3,3,0,3,0,2,1,3,0,3,0
deepseek-r1 @512.0,deepseek-r1:14b @512.0,3,3,0,3,0,2,1,3,0,3,0
deepseek-r1 @512.0,llama3.1 @1024.0,3,2,1,0,3,0,3,2,1,3,0
deepseek-r1 @512.0,llama3.1 @512.0,3,2,1,0,3,0,3,2,1,3,0
deepseek-r1 @512.0,qwen2.5 @1024.0,3,3,0,0,3,1,2,3,0,3,0
deepseek-r1 @512.0,qwen2.5 @512.0,3,1,2,0,3,1,2,3,0,3,0
deepseek-r1 @512.0,qwen2.5:14b @1024.0,3,3,0,0,3,1,2,3,0,3,0
deepseek-r1 @512.0,qwen2.5:14b @512.0,3,3,0,1,2,2,1,3,0,3,0
deepseek-r1:14b @1024.0,deepseek-r1:14b @512.0,3,2,1,2,1,1,2,1,2,1,2
deepseek-r1:14b @1024.0,llama3.1 @1024.0,3,2,1,0,3,0,3,1,2,1,2
deepseek-r1:14b @1024.0,llama3.1 @512.0,3,2,1,0,3,0,3,1,2,1,2
deepseek-r1:14b @1024.0,qwen2.5 @1024.0,3,1,2,0,3,0,3,1,2,1,2
deepseek-r1:14b @1024.0,qwen2.5 @512.0,3,1,2,0,3,0,3,1,2,2,1
deepseek-r1:14b @1024.0,qwen2.5:14b @1024.0,3,2,1,0,3,0,3,1,2,1,2
deepseek-r1:14b @1024.0,qwen2.5:14b @512.0,3,1,2,0,3,1,2,2,1,2,1
deepseek-r1:14b @512.0,llama3.1 @1024.0,3,1,2,0,3,0,3,2,1,2,1
deepseek-r1:14b @512.0,llama3.1 @512.0,3,1,2,0,3,0,3,0,3,2,1
deepseek-r1:14b @512.0,qwen2.5 @1024.0,3,0,3,0,3,1,2,3,0,1,2
deepseek-r1:14b @512.0,qwen2.5 @512.0,3,0,3,0,3,1,2,2,1,1,2
deepseek-r1:14b @512.0,qwen2.5:14b @1024.0,3,1,2,0,3,1,2,2,1,1,2
deepseek-r1:14b @512.0,qwen2.5:14b @512.0,3,1,2,0,3,2,1,3,0,2,1
llama3.1 @1024.0,llama3.1 @512.0,3,1,2,2,1,3,0,1,2,1,2
llama3.1 @1024.0,qwen2.5 @1024.0,3,1,2,3,0,3,0,3,0,2,1
llama3.1 @1024.0,qwen2.5 @512.0,3,2,1,3,0,2,1,1,2,1,2
llama3.1 @1024.0,qwen2.5:14b @1024.0,3,1,2,2,1,2,1,2,1,2,1
llama3.1 @1024.0,qwen2.5:14b @512.0,3,2,1,2,1,2,1,3,0,2,1
llama3.1 @512.0,qwen2.5 @1024.0,3,1,2,2,1,3,0,3,0,2,1
llama3.1 @512.0,qwen2.5 @512.0,3,2,1,1,2,2,1,3,0,1,2
llama3.1 @512.0,qwen2.5:14b @1024.0,3,3,0,2,1,2,1,2,1,2,1
llama3.1 @512.0,qwen2.5:14b @512.0,3,2,1,1,2,2,1,3,0,2,1
qwen2.5 @1024.0,qwen2.5 @512.0,3,1,2,1,2,0,3,0,3,1,2
qwen2.5 @1024.0,qwen2.5:14b @1024.0,3,3,0,1,2,0,3,2,1,0,3
qwen2.5 @1024.0,qwen2.5:14b @512.0,3,3,0,1,2,2,1,3,0,2,1
qwen2.5 @512.0,qwen2.5:14b @1024.0,3,2,1,2,1,1,2,2,1,2,1
qwen2.5 @512.0,qwen2.5:14b @512.0,3,3,0,2,1,2,1,3,0,2,1
qwen2.5:14b @1024.0,qwen2.5:14b @512.0,3,1,2,1,2,2,1,2,1,2,1
