filename,module_name,module_params,execution_time,retrieval_f1,retrieval_recall,retrieval_precision,retrieval_mrr,retrieval_map,retrieval_ndcg,is_best
0.parquet,VectorDB,"{'top_k': 20, 'embedding_model': 'huggingface_all_mpnet_base_v2', 'return_metadata': 'timestamp'}",0.12898468971252441,0.06349206349206349,0.6666666666666666,0.03333333333333333,0.3333333333333333,0.3333333333333333,0.420619835714305,False
1.parquet,VectorDB,"{'top_k': 20, 'embedding_model': 'huggingface_all_mpnet_base_v2', 'return_metadata': 'content'}",0.303742249806722,0.06349206349206349,0.6666666666666666,0.03333333333333333,0.3333333333333333,0.3333333333333333,0.420619835714305,False
2.parquet,VectorDB,"{'top_k': 20, 'embedding_model': 'huggingface_all_mpnet_base_v2', 'return_metadata': 'source'}",0.2772085666656494,0.06349206349206349,0.6666666666666666,0.03333333333333333,0.3333333333333333,0.3333333333333333,0.420619835714305,False
3.parquet,VectorDB,"{'top_k': 20, 'embedding_model': 'upstage_embed', 'return_metadata': 'timestamp'}",0.43034903208414715,0.06349206349206349,0.6666666666666666,0.03333333333333333,0.3333333333333333,0.3333333333333333,0.420619835714305,False
4.parquet,VectorDB,"{'top_k': 20, 'embedding_model': 'upstage_embed', 'return_metadata': 'content'}",0.35215187072753906,0.06349206349206349,0.6666666666666666,0.03333333333333333,0.3333333333333333,0.3333333333333333,0.420619835714305,False
5.parquet,VectorDB,"{'top_k': 20, 'embedding_model': 'upstage_embed', 'return_metadata': 'source'}",0.2633781433105469,0.06349206349206349,0.6666666666666666,0.03333333333333333,0.3333333333333333,0.3333333333333333,0.420619835714305,False
6.parquet,VectorDB,"{'top_k': 20, 'embedding_model': 'cohere_embed', 'return_metadata': 'timestamp'}",0.2962936560312907,0.06349206349206349,0.6666666666666666,0.03333333333333333,0.3333333333333333,0.3333333333333333,0.420619835714305,False
7.parquet,VectorDB,"{'top_k': 20, 'embedding_model': 'cohere_embed', 'return_metadata': 'content'}",0.33332570393880206,0.06349206349206349,0.6666666666666666,0.03333333333333333,0.3333333333333333,0.3333333333333333,0.420619835714305,False
8.parquet,VectorDB,"{'top_k': 20, 'embedding_model': 'cohere_embed', 'return_metadata': 'source'}",0.3497740427652995,0.06349206349206349,0.6666666666666666,0.03333333333333333,0.3333333333333333,0.3333333333333333,0.420619835714305,False
9.parquet,VectorDB,"{'top_k': 20, 'embedding_model': 'huggingface_bge_m3', 'return_metadata': 'timestamp'}",0.626594622929891,0.06349206349206349,0.6666666666666666,0.03333333333333333,0.3333333333333333,0.3333333333333333,0.420619835714305,False
10.parquet,VectorDB,"{'top_k': 20, 'embedding_model': 'huggingface_bge_m3', 'return_metadata': 'content'}",0.9392600854237875,0.06349206349206349,0.6666666666666666,0.03333333333333333,0.3333333333333333,0.3333333333333333,0.420619835714305,False
11.parquet,VectorDB,"{'top_k': 20, 'embedding_model': 'huggingface_bge_m3', 'return_metadata': 'source'}",0.30264941851298016,0.06349206349206349,0.6666666666666666,0.03333333333333333,0.3333333333333333,0.3333333333333333,0.420619835714305,False
12.parquet,VectorDB,"{'top_k': 20, 'embedding_model': 'huggingface_cointegrated_rubert_tiny2', 'return_metadata': 'timestamp'}",0.3842742443084717,0.06349206349206349,0.6666666666666666,0.03333333333333333,0.3333333333333333,0.3333333333333333,0.420619835714305,False
13.parquet,VectorDB,"{'top_k': 20, 'embedding_model': 'huggingface_cointegrated_rubert_tiny2', 'return_metadata': 'content'}",0.28654011090596515,0.06349206349206349,0.6666666666666666,0.03333333333333333,0.3333333333333333,0.3333333333333333,0.420619835714305,False
14.parquet,VectorDB,"{'top_k': 20, 'embedding_model': 'huggingface_cointegrated_rubert_tiny2', 'return_metadata': 'source'}",0.2798401514689128,0.06349206349206349,0.6666666666666666,0.03333333333333333,0.3333333333333333,0.3333333333333333,0.420619835714305,False
15.parquet,VectorDB,"{'top_k': 20, 'embedding_model': 'huggingface_baai_bge_small', 'return_metadata': 'timestamp'}",0.5897006193796793,0.06349206349206349,0.6666666666666666,0.03333333333333333,0.3333333333333333,0.3333333333333333,0.420619835714305,False
16.parquet,VectorDB,"{'top_k': 20, 'embedding_model': 'huggingface_baai_bge_small', 'return_metadata': 'content'}",0.2631857395172119,0.06349206349206349,0.6666666666666666,0.03333333333333333,0.3333333333333333,0.3333333333333333,0.420619835714305,False
17.parquet,VectorDB,"{'top_k': 20, 'embedding_model': 'huggingface_baai_bge_small', 'return_metadata': 'source'}",0.29428577423095703,0.06349206349206349,0.6666666666666666,0.03333333333333333,0.3333333333333333,0.3333333333333333,0.420619835714305,False
18.parquet,VectorDB,"{'top_k': 20, 'embedding_model': {'type': 'huggingface', 'model_name': 'colbert-ir/colbertv2.0'}, 'return_metadata': 'timestamp'}",0.3137832482655843,0.06349206349206349,0.6666666666666666,0.03333333333333333,0.3333333333333333,0.3333333333333333,0.420619835714305,False
19.parquet,VectorDB,"{'top_k': 20, 'embedding_model': {'type': 'huggingface', 'model_name': 'colbert-ir/colbertv2.0'}, 'return_metadata': 'content'}",0.8841578960418701,0.06349206349206349,0.6666666666666666,0.03333333333333333,0.3333333333333333,0.3333333333333333,0.420619835714305,False
20.parquet,VectorDB,"{'top_k': 20, 'embedding_model': {'type': 'huggingface', 'model_name': 'colbert-ir/colbertv2.0'}, 'return_metadata': 'source'}",0.46105217933654785,0.06349206349206349,0.6666666666666666,0.03333333333333333,0.3333333333333333,0.3333333333333333,0.420619835714305,False
21.parquet,VectorDB,"{'top_k': 20, 'embedding_model': {'type': 'huggingface', 'model_name': 'intfloat/e5-large-v2'}, 'return_metadata': 'timestamp'}",0.3500942389170329,0.06349206349206349,0.6666666666666666,0.03333333333333333,0.3333333333333333,0.3333333333333333,0.420619835714305,False
22.parquet,VectorDB,"{'top_k': 20, 'embedding_model': {'type': 'huggingface', 'model_name': 'intfloat/e5-large-v2'}, 'return_metadata': 'content'}",0.25686295827229816,0.06349206349206349,0.6666666666666666,0.03333333333333333,0.3333333333333333,0.3333333333333333,0.420619835714305,False
23.parquet,VectorDB,"{'top_k': 20, 'embedding_model': {'type': 'huggingface', 'model_name': 'intfloat/e5-large-v2'}, 'return_metadata': 'source'}",0.3271373112996419,0.06349206349206349,0.6666666666666666,0.03333333333333333,0.3333333333333333,0.3333333333333333,0.420619835714305,False
24.parquet,VectorDB,"{'top_k': 20, 'embedding_model': {'type': 'huggingface', 'model_name': 'Salesforce/SFR-Embedding-2_R'}, 'return_metadata': 'timestamp'}",0.2508127689361572,0.06349206349206349,0.6666666666666666,0.03333333333333333,0.3333333333333333,0.3333333333333333,0.420619835714305,False
25.parquet,VectorDB,"{'top_k': 20, 'embedding_model': {'type': 'huggingface', 'model_name': 'Salesforce/SFR-Embedding-2_R'}, 'return_metadata': 'content'}",0.26394176483154297,0.06349206349206349,0.6666666666666666,0.03333333333333333,0.3333333333333333,0.3333333333333333,0.420619835714305,False
26.parquet,VectorDB,"{'top_k': 20, 'embedding_model': {'type': 'huggingface', 'model_name': 'Salesforce/SFR-Embedding-2_R'}, 'return_metadata': 'source'}",0.26821096738179523,0.06349206349206349,0.6666666666666666,0.03333333333333333,0.3333333333333333,0.3333333333333333,0.420619835714305,False
27.parquet,VectorDB,"{'top_k': 20, 'embedding_model': {'type': 'huggingface', 'model_name': 'Alibaba-NLP/gte-Qwen2-7B-instruct'}, 'return_metadata': 'timestamp'}",0.2423365910847982,0.06349206349206349,0.6666666666666666,0.03333333333333333,0.3333333333333333,0.3333333333333333,0.420619835714305,False
28.parquet,VectorDB,"{'top_k': 20, 'embedding_model': {'type': 'huggingface', 'model_name': 'Alibaba-NLP/gte-Qwen2-7B-instruct'}, 'return_metadata': 'content'}",0.3166850407918294,0.06349206349206349,0.6666666666666666,0.03333333333333333,0.3333333333333333,0.3333333333333333,0.420619835714305,False
29.parquet,VectorDB,"{'top_k': 20, 'embedding_model': {'type': 'huggingface', 'model_name': 'Alibaba-NLP/gte-Qwen2-7B-instruct'}, 'return_metadata': 'source'}",0.29221129417419434,0.06349206349206349,0.6666666666666666,0.03333333333333333,0.3333333333333333,0.3333333333333333,0.420619835714305,False
30.parquet,BM25,{'top_k': 20},0.08425680796305339,0.06349206349206349,0.6666666666666666,0.03333333333333333,0.5,0.5,0.5436432511904858,False
31.parquet,HybridRRF,"{'top_k': 20, 'target_modules': ('VectorDB', 'BM25'), 'rrf_k': 10, 'weight': 4.0, 'target_module_params': ({'top_k': 20, 'embedding_model': 'huggingface_all_mpnet_base_v2', 'return_metadata': 'timestamp'}, {'top_k': 20})}",0.21324149767557782,0.06349206349206349,0.6666666666666666,0.03333333333333333,0.5,0.5,0.5436432511904858,False
32.parquet,HybridRRF,"{'top_k': 20, 'target_modules': ('VectorDB', 'BM25'), 'rrf_k': 3, 'weight': 4.0, 'target_module_params': ({'top_k': 20, 'embedding_model': 'huggingface_all_mpnet_base_v2', 'return_metadata': 'timestamp'}, {'top_k': 20})}",0.21324149767557782,0.06349206349206349,0.6666666666666666,0.03333333333333333,0.5,0.5,0.5436432511904858,False
33.parquet,HybridRRF,"{'top_k': 20, 'target_modules': ('VectorDB', 'BM25'), 'rrf_k': 5, 'weight': 4.0, 'target_module_params': ({'top_k': 20, 'embedding_model': 'huggingface_all_mpnet_base_v2', 'return_metadata': 'timestamp'}, {'top_k': 20})}",0.21324149767557782,0.06349206349206349,0.6666666666666666,0.03333333333333333,0.5,0.5,0.5436432511904858,False
34.parquet,HybridCC,"{'top_k': 20, 'target_modules': ('VectorDB', 'BM25'), 'weights': (0.5, 0.5), 'weight': 0.08, 'target_module_params': ({'top_k': 20, 'embedding_model': 'huggingface_all_mpnet_base_v2', 'return_metadata': 'timestamp'}, {'top_k': 20})}",0.21324149767557782,0.06349206349206349,0.6666666666666666,0.03333333333333333,0.6666666666666666,0.6666666666666666,0.6666666666666666,True
35.parquet,HybridCC,"{'top_k': 20, 'target_modules': ('VectorDB', 'BM25'), 'weights': (0.7, 0.3), 'weight': 0.08, 'target_module_params': ({'top_k': 20, 'embedding_model': 'huggingface_all_mpnet_base_v2', 'return_metadata': 'timestamp'}, {'top_k': 20})}",0.21324149767557782,0.06349206349206349,0.6666666666666666,0.03333333333333333,0.6666666666666666,0.6666666666666666,0.6666666666666666,False
36.parquet,HybridCC,"{'top_k': 20, 'target_modules': ('VectorDB', 'BM25'), 'weights': (0.3, 0.7), 'weight': 0.08, 'target_module_params': ({'top_k': 20, 'embedding_model': 'huggingface_all_mpnet_base_v2', 'return_metadata': 'timestamp'}, {'top_k': 20})}",0.21324149767557782,0.06349206349206349,0.6666666666666666,0.03333333333333333,0.6666666666666666,0.6666666666666666,0.6666666666666666,False
